,week_day,route_id,start_time,travel_time,month_day,stop_id
0,2,0,34122,96,9,0
1,2,0,34551,108,9,0
2,2,0,35249,94,9,0
3,2,0,36177,112,9,0
4,2,0,37151,90,9,0
5,2,0,38255,128,9,0
6,2,0,39108,98,9,0
7,2,0,39454,100,9,0
8,2,0,39800,122,9,0
9,2,0,40313,128,9,0
10,2,0,40915,106,9,0
11,2,0,41219,87,9,0
12,2,0,41793,103,9,0
13,2,0,42202,98,9,0
14,2,0,42649,119,9,0
15,2,0,43082,83,9,0
16,2,0,43796,98,9,0
17,2,0,44261,109,9,0
18,2,0,44921,87,9,0
19,2,0,45385,103,9,0
20,2,0,45784,104,9,0
21,2,0,46203,96,9,0
22,2,0,47421,187,9,0
23,2,0,48040,93,9,0
24,2,0,48776,109,9,0
25,2,0,49327,126,9,0
26,2,0,49952,101,9,0
27,2,0,50952,120,9,0
28,2,0,51985,107,9,0
29,2,0,52358,106,9,0
30,2,0,53210,114,9,0
31,2,0,53367,99,9,0
32,2,0,53832,396,9,0
33,2,0,54857,111,9,0
34,2,0,55872,79,9,0
35,2,0,56538,148,9,0
36,2,0,57587,266,9,0
37,2,0,58724,120,9,0
38,2,0,59686,104,9,0
39,2,0,60024,114,9,0
40,2,0,61045,94,9,0
41,2,0,62133,92,9,0
42,2,0,62748,140,9,0
43,2,0,63253,127,9,0
44,2,0,64151,91,9,0
45,2,0,64780,117,9,0
46,2,0,66286,99,9,0
47,2,0,66792,90,9,0
48,2,0,67490,136,9,0
49,2,0,68348,116,9,0
50,2,0,68814,147,9,0
51,2,0,69367,89,9,0
52,2,0,70053,96,9,0
53,2,0,70813,102,9,0
54,2,0,71259,103,9,0
55,2,0,71783,99,9,0
56,2,0,72471,183,9,0
57,2,0,72802,100,9,0
58,2,0,73671,108,9,0
59,2,0,74111,101,9,0
60,2,0,74455,124,9,0
61,2,0,74951,89,9,0
62,2,0,75255,143,9,0
63,2,0,75883,144,9,0
64,2,0,76515,185,9,0
65,2,0,77189,96,9,0
66,2,0,77925,89,9,0
67,2,0,78143,108,9,0
68,2,0,79016,99,9,0
69,2,0,79388,194,9,0
70,2,0,79847,119,9,0
71,2,0,80185,97,9,0
72,2,0,80892,160,9,0
73,2,0,81259,126,9,0
74,2,0,82001,106,9,0
75,2,0,82485,112,9,0
76,2,0,83297,113,9,0
77,2,0,84353,136,9,0
78,2,0,85062,116,9,0
79,2,0,85963,88,9,0
80,2,0,218,116,9,0
81,2,0,481,102,9,0
82,2,0,1074,104,9,0
83,2,0,1725,116,9,0
84,2,0,2264,231,9,0
85,2,0,2910,108,9,0
86,2,0,3552,94,9,0
87,2,0,4387,115,9,0
88,2,0,4642,106,9,0
89,2,0,5695,111,9,0
90,2,0,6021,149,9,0
91,2,0,6812,93,9,0
92,2,0,7662,91,9,0
93,2,0,8376,100,9,0
94,2,0,9380,95,9,0
95,2,0,9767,115,9,0
96,2,0,10554,85,9,0
97,2,0,11346,101,9,0
98,2,0,12035,163,9,0
99,2,0,13332,143,9,0
100,2,0,13812,103,9,0
101,2,0,14537,104,9,0
102,2,0,15180,90,9,0
103,2,0,16036,82,9,0
104,2,0,17131,95,9,0
105,2,2,33581,126,9,1
106,2,1,33640,130,9,1
107,2,2,33905,91,9,1
108,2,0,34254,137,9,1
109,2,1,34351,142,9,1
110,2,2,34623,105,9,1
111,2,0,34707,137,9,1
112,2,1,34767,144,9,1
113,2,2,35094,108,9,1
114,2,1,35148,113,9,1
115,2,0,35390,116,9,1
116,2,2,35735,96,9,1
117,2,1,35883,164,9,1
118,2,0,36544,128,9,1
119,2,2,36660,96,9,1
120,2,1,36756,104,9,1
121,2,2,37215,143,9,1
122,2,0,37280,117,9,1
123,2,1,37678,134,9,1
124,2,2,37956,113,9,1
125,2,1,38372,92,9,1
126,2,0,38436,114,9,1
127,2,2,38828,110,9,1
128,2,0,39253,103,9,1
129,2,1,39305,133,9,1
130,2,1,39505,112,9,1
131,2,0,39596,113,9,1
132,2,2,39807,107,9,1
133,2,0,39958,158,9,1
134,2,1,40201,124,9,1
135,2,0,40489,173,9,1
136,2,2,40690,121,9,1
137,2,1,40756,125,9,1
138,2,0,41081,137,9,1
139,2,1,41224,102,9,1
140,2,0,41348,89,9,1
141,2,2,41634,144,9,1
142,2,0,41948,96,9,1
143,2,1,41999,119,9,1
144,2,0,42345,105,9,1
145,2,1,42752,169,9,1
146,2,0,42799,200,9,1
147,2,2,43046,155,9,1
148,2,1,43099,267,9,1
149,2,1,43163,270,9,1
150,2,1,43212,278,9,1
151,2,2,43528,112,9,1
152,2,0,43959,103,9,1
153,2,1,44020,113,9,1
154,2,2,44344,113,9,1
155,2,0,44423,213,9,1
156,2,1,44488,216,9,1
157,2,0,45091,127,9,1
158,2,0,45552,125,9,1
159,2,2,45637,144,9,1
160,2,1,45863,146,9,1
161,2,0,45957,124,9,1
162,2,2,46017,163,9,1
163,2,0,46356,102,9,1
164,2,2,46789,144,9,1
165,2,1,46879,120,9,1
166,2,0,46978,136,9,1
167,2,2,47556,134,9,1
168,2,1,47583,178,9,1
169,2,0,47657,248,9,1
170,2,1,47790,228,9,1
171,2,2,48017,173,9,1
172,2,0,48173,101,9,1
173,2,2,48536,143,9,1
174,2,1,48748,115,9,1
175,2,0,48945,193,9,1
176,2,2,49105,157,9,1
177,2,1,49435,148,9,1
178,2,0,49500,236,9,1
179,2,2,49674,178,9,1
180,2,1,50003,112,9,1
181,2,0,50098,87,9,1
182,2,2,50746,135,9,1
183,2,1,50845,135,9,1
184,2,0,51123,147,9,1
185,2,2,51171,170,9,1
186,2,1,51837,142,9,1
187,2,0,52146,104,9,1
188,2,1,52200,118,9,1
189,2,2,52391,145,9,1
190,2,0,52512,130,9,1
191,2,1,52691,194,9,1
192,2,2,52763,196,9,1
193,2,2,52923,125,9,1
194,2,1,53174,117,9,1
195,2,0,53396,191,9,1
196,2,1,53451,219,9,1
197,2,0,53511,200,9,1
198,2,1,54150,141,9,1
199,2,0,54258,195,9,1
200,2,2,54308,194,9,1
201,2,1,54365,198,9,1
202,2,2,54557,154,9,1
203,2,1,54860,100,9,1
204,2,0,55025,110,9,1
205,2,2,55130,178,9,1
206,2,2,55417,117,9,1
207,2,1,55497,140,9,1
208,2,0,55999,92,9,1
209,2,1,56163,117,9,1
210,2,2,56675,136,9,1
211,2,0,56721,129,9,1
212,2,2,56869,223,9,1
213,2,1,56957,204,9,1
214,2,2,57864,157,9,1
215,2,2,58025,111,9,1
216,2,1,58087,203,9,1
217,2,1,58421,105,9,1
218,2,2,58569,148,9,1
219,2,0,58891,121,9,1
220,2,2,58986,130,9,1
221,2,1,59167,128,9,1
222,2,2,59416,153,9,1
223,2,0,59840,129,9,1
224,2,2,60124,131,9,1
225,2,0,60167,151,9,1
226,2,1,60240,139,9,1
227,2,2,60613,105,9,1
228,2,1,60704,141,9,1
229,2,2,61112,134,9,1
230,2,0,61185,129,9,1
231,2,1,61250,139,9,1
232,2,2,61756,98,9,1
233,2,0,62281,95,9,1
234,2,2,62539,143,9,1
235,2,1,62680,89,9,1
236,2,2,62870,95,9,1
237,2,0,62918,145,9,1
238,2,2,63382,124,9,1
239,2,0,63425,111,9,1
240,2,1,63733,91,9,1
241,2,2,64084,91,9,1
242,2,0,64293,110,9,1
243,2,2,64558,118,9,1
244,2,1,64896,87,9,1
245,2,0,64941,93,9,1
246,2,2,65038,85,9,1
247,2,1,65548,112,9,1
248,2,1,66132,118,9,1
249,2,2,66194,104,9,1
250,2,0,66434,134,9,1
251,2,0,66578,125,9,1
252,2,2,66660,127,9,1
253,2,1,66754,94,9,1
254,2,0,66924,96,9,1
255,2,2,67422,127,9,1
256,2,1,67535,97,9,1
257,2,0,67677,155,9,1
258,2,2,67809,94,9,1
259,2,0,67929,88,9,1
260,2,1,68381,152,9,1
261,2,2,68451,177,9,1
262,2,0,68496,223,9,1
263,2,1,68953,99,9,1
264,2,0,69004,101,9,1
265,2,2,69052,100,9,1
266,2,0,69515,111,9,1
267,2,1,69647,140,9,1
268,2,2,69736,125,9,1
269,2,0,70204,112,9,1
270,2,2,70256,154,9,1
271,2,1,70295,163,9,1
272,2,1,70804,155,9,1
273,2,0,70965,111,9,1
274,2,2,71136,117,9,1
275,2,1,71289,137,9,1
276,2,0,71412,106,9,1
277,2,2,71482,97,9,1
278,2,1,71715,113,9,1
279,2,0,71924,86,9,1
280,2,2,72042,86,9,1
281,2,1,72370,91,9,1
282,2,2,72640,125,9,1
283,2,0,72713,135,9,1
284,2,0,72966,134,9,1
285,2,1,73273,126,9,1
286,2,2,73454,118,9,1
287,2,1,73516,114,9,1
288,2,1,73760,144,9,1
289,2,0,73826,202,9,1
290,2,2,73877,187,9,1
291,2,1,74105,98,9,1
292,2,0,74257,95,9,1
293,2,1,74575,92,9,1
294,2,0,74605,103,9,1
295,2,0,75101,111,9,1
296,2,2,75294,77,9,1
297,2,1,75381,100,9,1
298,2,0,75444,101,9,1
299,2,2,75514,108,9,1
300,2,2,75961,103,9,1
301,2,1,76017,133,9,1
302,2,0,76064,141,9,1
303,2,2,76685,121,9,1
304,2,0,76751,231,9,1
305,2,1,76814,593,9,1
306,2,2,77186,376,9,1
307,2,0,77330,313,9,1
308,2,2,77498,191,9,1
309,2,1,77721,148,9,1
310,2,0,78065,127,9,1
311,2,1,78186,108,9,1
312,2,2,78244,100,9,1
313,2,0,78293,122,9,1
314,2,2,79110,83,9,1
315,2,0,79162,131,9,1
316,2,1,79555,132,9,1
317,2,0,79625,172,9,1
318,2,2,79696,177,9,1
319,2,1,79747,180,9,1
320,2,2,79804,191,9,1
321,2,0,80022,132,9,1
322,2,1,80068,140,9,1
323,2,0,80331,98,9,1
324,2,2,80549,90,9,1
325,2,1,81038,105,9,1
326,2,0,81092,119,9,1
327,2,1,81376,96,9,1
328,2,0,81444,91,9,1
329,2,2,81508,108,9,1
330,2,2,81695,92,9,1
331,2,0,82174,146,9,1
332,2,1,82226,181,9,1
333,2,2,82286,167,9,1
334,2,0,82660,111,9,1
335,2,1,82771,254,9,1
336,2,2,82841,339,9,1
337,2,2,82972,266,9,1
338,2,0,83479,128,9,1
339,2,1,83527,117,9,1
340,2,2,84007,197,9,1
341,2,2,84114,143,9,1
342,2,2,84192,154,9,1
343,2,1,84401,97,9,1
344,2,2,84478,85,9,1
345,2,0,84531,107,9,1
346,2,1,84995,97,9,1
347,2,2,85149,116,9,1
348,2,0,85223,136,9,1
349,2,2,85533,106,9,1
350,2,1,85797,106,9,1
351,2,0,86096,110,9,1
352,2,2,183,121,9,1
353,2,1,206,157,9,1
354,2,0,388,144,9,1
355,2,2,512,95,9,1
356,2,0,617,82,9,1
357,2,1,790,121,9,1
358,2,0,1230,107,9,1
359,2,1,1290,164,9,1
360,2,2,1825,80,9,1
361,2,0,1883,109,9,1
362,2,1,2453,106,9,1
363,2,2,2478,136,9,1
364,2,0,2533,135,9,1
365,2,1,2998,128,9,1
366,2,0,3073,163,9,1
367,2,1,3545,97,9,1
368,2,0,3689,84,9,1
369,2,2,4009,177,9,1
370,2,1,4043,191,9,1
371,2,2,4297,109,9,1
372,2,0,4570,134,9,1
373,2,1,4645,115,9,1
374,2,0,4792,144,9,1
375,2,2,4889,105,9,1
376,2,1,5503,93,9,1
377,2,0,5880,132,9,1
378,2,1,6159,89,9,1
379,2,2,6526,111,9,1
380,2,1,6862,81,9,1
381,2,0,6964,174,9,1
382,2,2,7156,97,9,1
383,2,2,7345,118,9,1
384,2,2,7552,95,9,1
385,2,0,7831,105,9,1
386,2,2,8173,88,9,1
387,2,1,8450,139,9,1
388,2,0,8546,126,9,1
389,2,1,8746,154,9,1
390,2,1,8824,123,9,1
391,2,2,9020,97,9,1
392,2,1,9190,84,9,1
393,2,0,9521,97,9,1
394,2,1,9565,124,9,1
395,2,0,9927,143,9,1
396,2,2,10020,101,9,1
397,2,1,10141,106,9,1
398,2,2,10591,77,9,1
399,2,0,10681,96,9,1
400,2,1,10768,115,9,1
401,2,1,11315,80,9,1
402,2,0,11491,111,9,1
403,2,2,12192,151,9,1
404,2,0,12229,188,9,1
405,2,1,12269,199,9,1
406,2,2,12566,109,9,1
407,2,1,13129,123,9,1
408,2,1,13451,105,9,1
409,2,0,13533,126,9,1
410,2,2,13577,116,9,1
411,2,1,13884,92,9,1
412,2,0,13953,93,9,1
413,2,2,14123,105,9,1
414,2,1,14345,98,9,1
415,2,0,14680,102,9,1
416,2,1,14906,118,9,1
417,2,2,15041,89,9,1
418,2,0,15302,90,9,1
419,2,1,15467,99,9,1
420,2,1,15979,80,9,1
421,2,0,16158,93,9,1
422,2,2,16320,178,9,1
423,2,1,16548,115,9,1
424,2,2,16719,119,9,1
425,2,0,17274,135,9,1
426,2,2,33753,66,9,2
427,2,1,33827,69,9,2
428,2,2,34055,62,9,2
429,2,0,34433,57,9,2
430,2,1,34535,61,9,2
431,2,2,34775,53,9,2
432,2,0,34891,76,9,2
433,2,1,34956,89,9,2
434,2,2,35246,57,9,2
435,2,1,35299,63,9,2
436,2,0,35554,69,9,2
437,2,2,35875,64,9,2
438,2,3,36041,59,9,2
439,2,1,36093,76,9,2
440,2,0,36719,63,9,2
441,2,2,36792,69,9,2
442,2,3,36836,78,9,2
443,2,1,36897,86,9,2
444,2,2,37408,66,9,2
445,2,0,37458,88,9,2
446,2,3,37754,61,9,2
447,2,1,37874,77,9,2
448,2,2,38114,65,9,2
449,2,1,38504,53,9,2
450,2,0,38600,64,9,2
451,2,3,38719,61,9,2
452,2,2,38991,59,9,2
453,2,0,39562,58,9,2
454,2,1,39604,85,9,2
455,2,1,39658,93,9,2
456,2,0,39753,65,9,2
457,2,2,40045,53,9,2
458,2,3,40096,63,9,2
459,2,0,40161,69,9,2
460,2,1,40373,57,9,2
461,2,3,40656,60,9,2
462,2,0,40708,78,9,2
463,2,2,40856,57,9,2
464,2,1,40924,61,9,2
465,2,0,41273,67,9,2
466,2,1,41425,60,9,2
467,2,0,41480,77,9,2
468,2,3,41540,77,9,2
469,2,2,41835,58,9,2
470,2,0,42102,63,9,2
471,2,1,42167,69,9,2
472,2,3,42431,55,9,2
473,2,0,42506,57,9,2
474,2,1,42997,84,9,2
475,2,0,43047,121,9,2
476,2,2,43292,65,9,2
477,2,3,43360,97,9,2
478,2,1,43424,110,9,2
479,2,1,43488,106,9,2
480,2,1,43550,115,9,2
481,2,2,43704,64,9,2
482,2,3,43851,56,9,2
483,2,0,44125,52,9,2
484,2,1,44186,79,9,2
485,2,2,44572,57,9,2
486,2,3,44629,103,9,2
487,2,0,44689,126,9,2
488,2,1,44756,141,9,2
489,2,0,45446,51,9,2
490,2,3,45562,103,9,2
491,2,0,45757,70,9,2
492,2,2,45837,83,9,2
493,2,1,46067,59,9,2
494,2,3,46152,69,9,2
495,2,2,46236,76,9,2
496,2,0,46506,67,9,2
497,2,3,46841,64,9,2
498,2,2,46989,59,9,2
499,2,1,47065,72,9,2
500,2,2,47752,59,9,2
501,2,1,47819,167,9,2
502,2,0,47963,101,9,2
503,2,3,48017,132,9,2
504,2,1,48066,159,9,2
505,2,2,48250,67,9,2
506,2,0,48317,79,9,2
507,2,2,48785,74,9,2
508,2,3,48841,101,9,2
509,2,1,48917,96,9,2
510,2,3,49083,81,9,2
511,2,0,49194,74,9,2
512,2,2,49320,60,9,2
513,2,1,49728,61,9,2
514,2,0,49792,78,9,2
515,2,2,49904,58,9,2
516,2,3,50060,57,9,2
517,2,1,50160,59,9,2
518,2,0,50230,57,9,2
519,2,2,50964,66,9,2
520,2,1,51053,74,9,2
521,2,3,51119,88,9,2
522,2,0,51329,86,9,2
523,2,2,51387,114,9,2
524,2,1,52047,62,9,2
525,2,3,52169,63,9,2
526,2,0,52308,62,9,2
527,2,1,52368,98,9,2
528,2,2,52605,61,9,2
529,2,0,52695,108,9,2
530,2,1,52934,88,9,2
531,2,2,53030,77,9,2
532,2,2,53160,57,9,2
533,2,3,53212,68,9,2
534,2,1,53343,66,9,2
535,2,3,53447,53,9,2
536,2,0,53646,70,9,2
537,2,1,53740,72,9,2
538,2,0,53793,75,9,2
539,2,3,54044,68,9,2
540,2,1,54357,75,9,2
541,2,0,54506,124,9,2
542,2,2,54551,207,9,2
543,2,1,54617,218,9,2
544,2,2,54764,140,9,2
545,2,3,54943,59,9,2
546,2,1,55005,72,9,2
547,2,0,55195,55,9,2
548,2,2,55358,78,9,2
549,2,3,55526,60,9,2
550,2,2,55581,65,9,2
551,2,1,55771,79,9,2
552,2,0,56143,55,9,2
553,2,1,56330,63,9,2
554,2,2,56880,65,9,2
555,2,0,56932,101,9,2
556,2,2,57140,59,9,2
557,2,1,57215,61,9,2
558,2,2,58068,78,9,2
559,2,2,58280,52,9,2
560,2,1,58349,141,9,2
561,2,3,58396,175,9,2
562,2,1,58574,88,9,2
563,2,2,58773,71,9,2
564,2,0,59073,79,9,2
565,2,2,59169,72,9,2
566,2,3,59223,92,9,2
567,2,1,59347,69,9,2
568,2,2,59627,53,9,2
569,2,0,60025,71,9,2
570,2,3,60153,57,9,2
571,2,2,60314,56,9,2
572,2,0,60369,75,9,2
573,2,1,60431,76,9,2
574,2,2,60776,57,9,2
575,2,3,60836,66,9,2
576,2,1,60893,86,9,2
577,2,2,61304,58,9,2
578,2,0,61356,81,9,2
579,2,1,61440,64,9,2
580,2,3,61668,60,9,2
581,2,1,61910,57,9,2
582,2,0,62433,56,9,2
583,2,3,62484,78,9,2
584,2,2,62750,64,9,2
585,2,1,62832,55,9,2
586,2,2,63021,55,9,2
587,2,0,63107,56,9,2
588,2,3,63504,61,9,2
589,2,2,63564,88,9,2
590,2,0,63646,69,9,2
591,2,1,63877,59,9,2
592,2,2,64273,55,9,2
593,2,3,64371,57,9,2
594,2,0,64452,59,9,2
595,2,2,64725,57,9,2
596,2,1,65041,50,9,2
597,2,0,65092,67,9,2
598,2,2,65172,55,9,2
599,2,1,65710,47,9,2
600,2,3,66060,57,9,2
601,2,1,66297,60,9,2
602,2,2,66348,82,9,2
603,2,0,66632,74,9,2
604,2,0,66754,90,9,2
605,2,2,66842,73,9,2
606,2,1,66894,105,9,2
607,2,0,67065,54,9,2
608,2,2,67622,62,9,2
609,2,1,67686,86,9,2
610,2,3,67741,107,9,2
611,2,0,67886,64,9,2
612,2,2,67965,59,9,2
613,2,0,68065,55,9,2
614,2,1,68607,66,9,2
615,2,2,68717,71,9,2
616,2,0,68777,75,9,2
617,2,3,69001,61,9,2
618,2,1,69104,58,9,2
619,2,0,69150,82,9,2
620,2,2,69208,90,9,2
621,2,0,69704,56,9,2
622,2,3,69785,65,9,2
623,2,1,69837,90,9,2
624,2,2,69926,89,9,2
625,2,0,70383,59,9,2
626,2,2,70470,126,9,2
627,2,1,70512,133,9,2
628,2,3,70965,56,9,2
629,2,1,71030,100,9,2
630,2,0,71130,78,9,2
631,2,2,71316,66,9,2
632,2,1,71475,66,9,2
633,2,0,71576,69,9,2
634,2,2,71630,91,9,2
635,2,1,71890,58,9,2
636,2,0,72071,52,9,2
637,2,2,72188,51,9,2
638,2,3,72453,52,9,2
639,2,1,72526,76,9,2
640,2,2,72831,57,9,2
641,2,0,72908,81,9,2
642,2,0,73163,54,9,2
643,2,3,73357,59,9,2
644,2,1,73530,57,9,2
645,2,2,73642,64,9,2
646,2,1,73688,106,9,2
647,2,1,74019,65,9,2
648,2,0,74081,83,9,2
649,2,2,74137,93,9,2
650,2,1,74258,57,9,2
651,2,0,74408,57,9,2
652,2,3,74485,71,9,2
653,2,1,74726,48,9,2
654,2,0,74765,74,9,2
655,2,0,75291,53,9,2
656,2,2,75448,50,9,2
657,2,1,75538,72,9,2
658,2,0,75602,92,9,2
659,2,2,75685,77,9,2
660,2,3,75879,54,9,2
661,2,2,76143,56,9,2
662,2,1,76210,82,9,2
663,2,0,76272,100,9,2
664,2,2,76893,54,9,2
665,2,3,76975,84,9,2
666,2,0,77397,52,9,2
667,2,1,77550,240,9,2
668,2,2,77634,271,9,2
669,2,0,77706,277,9,2
670,2,2,77758,293,9,2
671,2,1,78024,109,9,2
672,2,3,78192,53,9,2
673,2,0,78256,74,9,2
674,2,1,78348,59,9,2
675,2,2,78412,68,9,2
676,2,0,78467,85,9,2
677,2,2,79290,55,9,2
678,2,0,79359,94,9,2
679,2,3,79431,103,9,2
680,2,1,79776,142,9,2
681,2,0,79858,143,9,2
682,2,2,79926,146,9,2
683,2,1,79976,177,9,2
684,2,2,80050,171,9,2
685,2,0,80224,81,9,2
686,2,1,80270,113,9,2
687,2,0,80490,52,9,2
688,2,3,80591,70,9,2
689,2,2,80841,57,9,2
690,2,1,81212,62,9,2
691,2,0,81262,115,9,2
692,2,1,81522,56,9,2
693,2,0,81580,61,9,2
694,2,2,81681,59,9,2
695,2,3,81742,76,9,2
696,2,2,81842,55,9,2
697,2,0,82399,67,9,2
698,2,1,82453,104,9,2
699,2,2,82506,118,9,2
700,2,0,83016,52,9,2
701,2,1,83118,193,9,2
702,2,3,83198,171,9,2
703,2,2,83253,216,9,2
704,2,2,83301,225,9,2
705,2,0,83765,58,9,2
706,2,1,83840,74,9,2
707,2,3,83889,100,9,2
708,2,2,84239,89,9,2
709,2,2,84345,54,9,2
710,2,2,84402,80,9,2
711,2,1,84547,90,9,2
712,2,2,84602,98,9,2
713,2,0,84690,69,9,2
714,2,1,85157,59,9,2
715,2,3,85263,95,9,2
716,2,2,85318,105,9,2
717,2,0,85420,75,9,2
718,2,2,85695,57,9,2
719,2,1,85964,67,9,2
720,2,0,86267,52,9,2
721,2,3,116,57,9,2
722,2,2,362,51,9,2
723,2,1,414,65,9,2
724,2,0,585,67,9,2
725,2,2,654,80,9,2
726,2,0,744,71,9,2
727,2,1,957,60,9,2
728,2,3,1275,55,9,2
729,2,0,1386,61,9,2
730,2,1,1501,67,9,2
731,2,2,1968,56,9,2
732,2,0,2041,60,9,2
733,2,3,2439,49,9,2
734,2,1,2607,53,9,2
735,2,2,2659,59,9,2
736,2,0,2711,75,9,2
737,2,1,3233,73,9,2
738,2,0,3291,97,9,2
739,2,3,3644,59,9,2
740,2,1,3693,80,9,2
741,2,0,3819,56,9,2
742,2,2,4276,81,9,2
743,2,1,4407,53,9,2
744,2,2,4453,69,9,2
745,2,0,4787,72,9,2
746,2,1,4835,263,9,2
747,2,3,4905,264,9,2
748,2,0,4994,250,9,2
749,2,2,5076,381,9,2
750,2,1,5665,61,9,2
751,2,3,5716,93,9,2
752,2,0,6080,70,9,2
753,2,1,6298,67,9,2
754,2,2,6704,49,9,2
755,2,1,7074,53,9,2
756,2,3,7139,77,9,2
757,2,0,7194,90,9,2
758,2,2,7317,63,9,2
759,2,1,7528,59,9,2
760,2,2,7897,62,9,2
761,2,0,8020,55,9,2
762,2,3,8218,46,9,2
763,2,2,8324,55,9,2
764,2,1,8744,62,9,2
765,2,0,8801,116,9,2
766,2,1,8992,74,9,2
767,2,1,9102,66,9,2
768,2,2,9255,53,9,2
769,2,1,9342,56,9,2
770,2,0,9693,58,9,2
771,2,1,9741,72,9,2
772,2,3,9811,66,9,2
773,2,0,10125,65,9,2
774,2,2,10176,87,9,2
775,2,1,10300,67,9,2
776,2,2,10717,46,9,2
777,2,0,10819,58,9,2
778,2,3,10878,71,9,2
779,2,1,10927,86,9,2
780,2,1,11447,52,9,2
781,2,0,11653,67,9,2
782,2,3,12123,50,9,2
783,2,2,12420,54,9,2
784,2,0,12461,94,9,2
785,2,1,12506,115,9,2
786,2,2,12722,50,9,2
787,2,1,13312,64,9,2
788,2,3,13474,49,9,2
789,2,1,13607,50,9,2
790,2,0,13812,77,9,2
791,2,2,13847,119,9,2
792,2,1,14015,50,9,2
793,2,0,14091,66,9,2
794,2,2,14274,48,9,2
795,2,1,14486,52,9,2
796,2,0,14826,56,9,2
797,2,3,14931,70,9,2
798,2,1,15069,70,9,2
799,2,2,15229,50,9,2
800,2,0,15461,83,9,2
801,2,1,15605,54,9,2
802,2,3,15694,62,9,2
803,2,1,16101,52,9,2
804,2,0,16294,55,9,2
805,2,2,16608,105,9,2
806,2,1,16713,60,9,2
807,2,2,16880,59,9,2
808,2,3,17450,62,9,2
809,2,0,17593,63,9,2
810,2,2,33861,102,9,3
811,2,1,33937,105,9,3
812,2,2,34176,101,9,3
813,2,0,34525,109,9,3
814,2,1,34628,95,9,3
815,2,2,34866,111,9,3
816,2,0,35009,111,9,3
817,2,1,35082,123,9,3
818,2,2,35338,90,9,3
819,2,1,35396,104,9,3
820,2,0,35661,94,9,3
821,2,2,35983,90,9,3
822,2,3,36143,103,9,3
823,2,1,36542,139,9,3
824,2,0,36820,111,9,3
825,2,2,36892,103,9,3
826,2,3,36952,110,9,3
827,2,1,37014,132,9,3
828,2,2,37522,124,9,3
829,2,0,37584,145,9,3
830,2,3,37856,110,9,3
831,2,1,38008,107,9,3
832,2,2,38218,102,9,3
833,2,1,38592,90,9,3
834,2,0,38705,119,9,3
835,2,3,38818,103,9,3
836,2,2,39097,108,9,3
837,2,0,39672,86,9,3
838,2,1,39731,109,9,3
839,2,1,39787,130,9,3
840,2,0,39856,133,9,3
841,2,2,40132,76,9,3
842,2,3,40202,95,9,3
843,2,0,40267,133,9,3
844,2,1,40475,127,9,3
845,2,3,40761,78,9,3
846,2,0,40825,106,9,3
847,2,2,40956,84,9,3
848,2,1,41028,116,9,3
849,2,0,41395,110,9,3
850,2,1,41533,99,9,3
851,2,0,41594,107,9,3
852,2,3,41664,108,9,3
853,2,2,42091,95,9,3
854,2,0,42213,112,9,3
855,2,1,42277,135,9,3
856,2,3,42528,85,9,3
857,2,0,42604,106,9,3
858,2,1,43142,114,9,3
859,2,0,43207,157,9,3
860,2,2,43425,122,9,3
861,2,3,43508,134,9,3
862,2,1,43583,144,9,3
863,2,1,43644,154,9,3
864,2,0,43705,182,9,3
865,2,2,43828,149,9,3
866,2,3,43953,118,9,3
867,2,0,44233,103,9,3
868,2,1,44316,111,9,3
869,2,2,44700,111,9,3
870,2,3,44781,117,9,3
871,2,0,44868,115,9,3
872,2,1,44946,127,9,3
873,2,0,45561,105,9,3
874,2,3,45741,146,9,3
875,2,0,45890,118,9,3
876,2,1,46186,127,9,3
877,2,3,46269,143,9,3
878,2,2,46372,134,9,3
879,2,0,46619,98,9,3
880,2,3,46956,99,9,3
881,2,2,47103,124,9,3
882,2,1,47192,122,9,3
883,2,0,47271,130,9,3
884,2,2,47956,186,9,3
885,2,1,48032,273,9,3
886,2,0,48118,317,9,3
887,2,3,48196,320,9,3
888,2,1,48274,326,9,3
889,2,2,48366,308,9,3
890,2,0,48435,321,9,3
891,2,2,48912,113,9,3
892,2,3,48993,120,9,3
893,2,1,49052,154,9,3
894,2,3,49207,98,9,3
895,2,0,49317,117,9,3
896,2,2,49429,106,9,3
897,2,1,49842,121,9,3
898,2,0,49929,118,9,3
899,2,2,50010,125,9,3
900,2,3,50161,88,9,3
901,2,1,50263,99,9,3
902,2,0,50338,89,9,3
903,2,2,51093,119,9,3
904,2,1,51177,131,9,3
905,2,3,51260,111,9,3
906,2,0,51463,127,9,3
907,2,2,51541,148,9,3
908,2,1,52178,126,9,3
909,2,3,52278,146,9,3
910,2,0,52440,107,9,3
911,2,1,52503,128,9,3
912,2,2,52771,115,9,3
913,2,0,52841,153,9,3
914,2,1,53054,162,9,3
915,2,2,53165,118,9,3
916,2,2,53254,102,9,3
917,2,3,53322,98,9,3
918,2,1,53455,107,9,3
919,2,0,53766,133,9,3
920,2,1,53841,173,9,3
921,2,0,53910,191,9,3
922,2,3,54152,72,9,3
923,2,1,54496,117,9,3
924,2,2,54809,131,9,3
925,2,1,54880,180,9,3
926,2,2,54943,197,9,3
927,2,3,55043,179,9,3
928,2,1,55114,186,9,3
929,2,0,55297,98,9,3
930,2,2,55475,112,9,3
931,2,3,55624,103,9,3
932,2,2,55692,104,9,3
933,2,1,55910,110,9,3
934,2,0,56246,69,9,3
935,2,1,56440,120,9,3
936,2,2,57005,114,9,3
937,2,0,57074,117,9,3
938,2,2,57243,116,9,3
939,2,1,57327,170,9,3
940,2,2,58183,127,9,3
941,2,2,58462,138,9,3
942,2,3,58629,312,9,3
943,2,1,58709,311,9,3
944,2,2,58891,312,9,3
945,2,0,59200,136,9,3
946,2,2,59287,129,9,3
947,2,3,59363,144,9,3
948,2,1,59457,124,9,3
949,2,2,59726,119,9,3
950,2,0,60144,134,9,3
951,2,3,60256,114,9,3
952,2,2,60421,100,9,3
953,2,0,60486,123,9,3
954,2,1,60551,130,9,3
955,2,2,60878,96,9,3
956,2,3,60951,97,9,3
957,2,1,61022,115,9,3
958,2,2,61405,112,9,3
959,2,0,61471,119,9,3
960,2,1,61553,119,9,3
961,2,3,61773,90,9,3
962,2,1,62009,99,9,3
963,2,0,62539,84,9,3
964,2,3,62602,104,9,3
965,2,2,62863,131,9,3
966,2,1,62934,137,9,3
967,2,2,63118,93,9,3
968,2,0,63199,93,9,3
969,2,3,63630,88,9,3
970,2,2,63699,117,9,3
971,2,0,63753,117,9,3
972,2,1,63987,79,9,3
973,2,2,64371,74,9,3
974,2,3,64470,98,9,3
975,2,0,64558,102,9,3
976,2,2,64832,106,9,3
977,2,1,65134,81,9,3
978,2,0,65195,89,9,3
979,2,2,65276,79,9,3
980,2,1,65878,76,9,3
981,2,3,66165,95,9,3
982,2,1,66406,112,9,3
983,2,2,66474,121,9,3
984,2,0,66818,112,9,3
985,2,0,66885,159,9,3
986,2,2,66970,148,9,3
987,2,1,67036,160,9,3
988,2,0,67159,111,9,3
989,2,2,67747,104,9,3
990,2,1,67827,101,9,3
991,2,3,67895,108,9,3
992,2,0,67996,139,9,3
993,2,2,68080,149,9,3
994,2,1,68735,127,9,3
995,2,2,68849,120,9,3
996,2,0,68897,129,9,3
997,2,3,69136,111,9,3
998,2,1,69207,114,9,3
999,2,0,69273,117,9,3
1000,2,2,69401,97,9,3
1001,2,0,69833,90,9,3
1002,2,3,69903,95,9,3
1003,2,1,69975,111,9,3
1004,2,2,70071,122,9,3
1005,2,0,70574,93,9,3
1006,2,2,70636,111,9,3
1007,2,1,70689,124,9,3
1008,2,3,71103,114,9,3
1009,2,1,71182,129,9,3
1010,2,0,71252,137,9,3
1011,2,2,71433,97,9,3
1012,2,1,71582,119,9,3
1013,2,0,71696,102,9,3
1014,2,2,71770,106,9,3
1015,2,1,72004,92,9,3
1016,2,0,72168,100,9,3
1017,2,2,72282,93,9,3
1018,2,3,72581,79,9,3
1019,2,1,72649,104,9,3
1020,2,2,72967,93,9,3
1021,2,0,73029,119,9,3
1022,2,0,73275,116,9,3
1023,2,3,73498,91,9,3
1024,2,1,73635,98,9,3
1025,2,2,73766,133,9,3
1026,2,1,74137,121,9,3
1027,2,0,74217,133,9,3
1028,2,2,74270,148,9,3
1029,2,1,74366,119,9,3
1030,2,0,74533,101,9,3
1031,2,3,74611,93,9,3
1032,2,1,74818,80,9,3
1033,2,0,74878,91,9,3
1034,2,0,75403,88,9,3
1035,2,2,75586,80,9,3
1036,2,1,75667,100,9,3
1037,2,0,75737,109,9,3
1038,2,2,75809,125,9,3
1039,2,3,76005,76,9,3
1040,2,2,76265,99,9,3
1041,2,1,76343,115,9,3
1042,2,0,76427,112,9,3
1043,2,2,77037,96,9,3
1044,2,3,77141,101,9,3
1045,2,1,77766,113,9,3
1046,2,1,77878,92,9,3
1047,2,2,77961,102,9,3
1048,2,0,78025,137,9,3
1049,2,2,78104,136,9,3
1050,2,1,78177,187,9,3
1051,2,3,78307,127,9,3
1052,2,0,78380,154,9,3
1053,2,1,78447,171,9,3
1054,2,2,78530,155,9,3
1055,2,0,78591,156,9,3
1056,2,2,79429,64,9,3
1057,2,0,79505,95,9,3
1058,2,3,79634,87,9,3
1059,2,1,79974,109,9,3
1060,2,0,80043,141,9,3
1061,2,2,80127,132,9,3
1062,2,2,80266,136,9,3
1063,2,0,80359,136,9,3
1064,2,1,80421,225,9,3
1065,2,3,80713,110,9,3
1066,2,2,80944,87,9,3
1067,2,1,81355,90,9,3
1068,2,0,81421,110,9,3
1069,2,1,81619,90,9,3
1070,2,0,81684,101,9,3
1071,2,2,81793,103,9,3
1072,2,3,81871,113,9,3
1073,2,2,81939,131,9,3
1074,2,0,82532,116,9,3
1075,2,1,82599,171,9,3
1076,2,2,82668,171,9,3
1077,2,0,83291,100,9,3
1078,2,1,83352,133,9,3
1079,2,3,83442,122,9,3
1080,2,2,83513,144,9,3
1081,2,2,83564,161,9,3
1082,2,0,83891,102,9,3
1083,2,1,83962,115,9,3
1084,2,3,84077,86,9,3
1085,2,2,84358,176,9,3
1086,2,2,84458,128,9,3
1087,2,2,84522,154,9,3
1088,2,2,84735,257,9,3
1089,2,0,84804,251,9,3
1090,2,1,85336,74,9,3
1091,2,3,85397,89,9,3
1092,2,2,85464,97,9,3
1093,2,0,85542,112,9,3
1094,2,2,85793,91,9,3
1095,2,1,86088,103,9,3
1096,2,0,86360,91,9,3
1097,2,3,215,99,9,3
1098,2,2,456,83,9,3
1099,2,1,516,98,9,3
1100,2,0,701,138,9,3
1101,2,2,776,147,9,3
1102,2,0,855,148,9,3
1103,2,1,1061,106,9,3
1104,2,3,1378,84,9,3
1105,2,0,1488,91,9,3
1106,2,1,1607,121,9,3
1107,2,2,2067,76,9,3
1108,2,0,2138,91,9,3
1109,2,3,2533,76,9,3
1110,2,1,2698,92,9,3
1111,2,2,2760,97,9,3
1112,2,0,2823,102,9,3
1113,2,1,3359,112,9,3
1114,2,0,3431,123,9,3
1115,2,3,3747,102,9,3
1116,2,1,3823,97,9,3
1117,2,0,3918,86,9,3
1118,2,2,4424,167,9,3
1119,2,1,4499,198,9,3
1120,2,0,5069,145,9,3
1121,2,1,5142,164,9,3
1122,2,3,5216,161,9,3
1123,2,0,5427,119,9,3
1124,2,2,5507,116,9,3
1125,2,1,5787,78,9,3
1126,2,3,5847,115,9,3
1127,2,0,6210,119,9,3
1128,2,1,6417,81,9,3
1129,2,0,6489,93,9,3
1130,2,2,6810,81,9,3
1131,2,1,7190,74,9,3
1132,2,3,7260,116,9,3
1133,2,0,7337,102,9,3
1134,2,2,7445,114,9,3
1135,2,1,7641,97,9,3
1136,2,2,8014,104,9,3
1137,2,0,8140,91,9,3
1138,2,3,8309,75,9,3
1139,2,2,8450,70,9,3
1140,2,1,8889,116,9,3
1141,2,0,8962,142,9,3
1142,2,1,9140,109,9,3
1143,2,1,9215,147,9,3
1144,2,2,9352,96,9,3
1145,2,1,9450,97,9,3
1146,2,0,9792,86,9,3
1147,2,1,9853,102,9,3
1148,2,3,9921,117,9,3
1149,2,0,10240,125,9,3
1150,2,2,10307,117,9,3
1151,2,1,10412,98,9,3
1152,2,2,10800,66,9,3
1153,2,0,10919,97,9,3
1154,2,3,10989,105,9,3
1155,2,1,11049,123,9,3
1156,2,1,11539,71,9,3
1157,2,0,11772,88,9,3
1158,2,3,12324,96,9,3
1159,2,2,12530,99,9,3
1160,2,0,12597,129,9,3
1161,2,1,12655,137,9,3
1162,2,2,12814,96,9,3
1163,2,1,13425,106,9,3
1164,2,3,13558,87,9,3
1165,2,1,13734,92,9,3
1166,2,0,13945,107,9,3
1167,2,2,14018,104,9,3
1168,2,1,14098,94,9,3
1169,2,0,14191,111,9,3
1170,2,2,14361,83,9,3
1171,2,1,14574,88,9,3
1172,2,0,14924,94,9,3
1173,2,3,15037,84,9,3
1174,2,1,15179,86,9,3
1175,2,2,15314,99,9,3
1176,2,0,15582,83,9,3
1177,2,1,15693,81,9,3
1178,2,3,15792,93,9,3
1179,2,1,16189,68,9,3
1180,2,0,16384,93,9,3
1181,2,2,16766,145,9,3
1182,2,1,16807,173,9,3
1183,2,2,16975,88,9,3
1184,2,3,17553,106,9,3
1185,2,0,17689,88,9,3
1186,2,2,34001,53,9,4
1187,2,1,34078,50,9,4
1188,2,2,34317,54,9,4
1189,2,0,34665,55,9,4
1190,2,1,34756,65,9,4
1191,2,2,35014,60,9,4
1192,2,0,35153,61,9,4
1193,2,1,35238,61,9,4
1194,2,2,35462,68,9,4
1195,2,1,35532,71,9,4
1196,2,0,35800,62,9,4
1197,2,2,36116,68,9,4
1198,2,3,36546,57,9,4
1199,2,1,36731,256,9,4
1200,2,0,36970,45,9,4
1201,2,2,37025,54,9,4
1202,2,3,37101,57,9,4
1203,2,1,37177,52,9,4
1204,2,2,37699,63,9,4
1205,2,0,37763,50,9,4
1206,2,3,38008,63,9,4
1207,2,1,38165,59,9,4
1208,2,2,38356,58,9,4
1209,2,1,38718,46,9,4
1210,2,0,38864,56,9,4
1211,2,3,38958,58,9,4
1212,2,2,39242,75,9,4
1213,2,0,39802,51,9,4
1214,2,1,39884,54,9,4
1215,2,1,39951,71,9,4
1216,2,0,40028,66,9,4
1217,2,2,40244,55,9,4
1218,2,3,40362,53,9,4
1219,2,0,40435,69,9,4
1220,2,1,40638,63,9,4
1221,2,3,40879,50,9,4
1222,2,0,40969,51,9,4
1223,2,2,41080,51,9,4
1224,2,1,41190,54,9,4
1225,2,0,41542,58,9,4
1226,2,1,41668,51,9,4
1227,2,0,41735,54,9,4
1228,2,3,41814,47,9,4
1229,2,2,42229,50,9,4
1230,2,0,42382,68,9,4
1231,2,1,42450,128,9,4
1232,2,3,42659,47,9,4
1233,2,0,42755,60,9,4
1234,2,1,43324,65,9,4
1235,2,0,43404,64,9,4
1236,2,2,43614,84,9,4
1237,2,3,43687,165,9,4
1238,2,1,43771,153,9,4
1239,2,1,43840,120,9,4
1240,2,0,43931,95,9,4
1241,2,2,44038,107,9,4
1242,2,3,44113,102,9,4
1243,2,0,44386,56,9,4
1244,2,1,44473,53,9,4
1245,2,2,44863,68,9,4
1246,2,3,44950,74,9,4
1247,2,0,45030,72,9,4
1248,2,1,45118,82,9,4
1249,2,0,45724,57,9,4
1250,2,3,45952,68,9,4
1251,2,0,46078,62,9,4
1252,2,2,46146,45,9,4
1253,2,1,46376,76,9,4
1254,2,3,46476,90,9,4
1255,2,2,46553,78,9,4
1256,2,0,46768,61,9,4
1257,2,3,47101,58,9,4
1258,2,2,47273,77,9,4
1259,2,1,47362,70,9,4
1260,2,0,47454,65,9,4
1261,2,2,48275,57,9,4
1262,2,1,48398,50,9,4
1263,2,0,48482,68,9,4
1264,2,3,48567,73,9,4
1265,2,1,48640,76,9,4
1266,2,2,48722,77,9,4
1267,2,0,48797,70,9,4
1268,2,2,49079,67,9,4
1269,2,3,49168,55,9,4
1270,2,1,49252,50,9,4
1271,2,3,49366,54,9,4
1272,2,0,49483,69,9,4
1273,2,2,49581,67,9,4
1274,2,1,50014,62,9,4
1275,2,0,50094,74,9,4
1276,2,2,50184,63,9,4
1277,2,3,50294,56,9,4
1278,2,1,50399,56,9,4
1279,2,0,50478,48,9,4
1280,2,2,51264,64,9,4
1281,2,1,51350,71,9,4
1282,2,3,51413,97,9,4
1283,2,0,51644,72,9,4
1284,2,2,51724,80,9,4
1285,2,1,52395,71,9,4
1286,2,3,52466,55,9,4
1287,2,0,52591,55,9,4
1288,2,1,52663,71,9,4
1289,2,2,52941,50,9,4
1290,2,0,53034,74,9,4
1291,2,1,53245,90,9,4
1292,2,2,53327,70,9,4
1293,2,2,53393,89,9,4
1294,2,3,53498,53,9,4
1295,2,1,53637,73,9,4
1296,2,3,53737,53,9,4
1297,2,0,53951,84,9,4
1298,2,1,54071,80,9,4
1299,2,0,54145,42,9,4
1300,2,3,54263,44,9,4
1301,2,1,54661,83,9,4
1302,2,0,54915,78,9,4
1303,2,2,55024,58,9,4
1304,2,1,55107,59,9,4
1305,2,2,55181,62,9,4
1306,2,3,55269,79,9,4
1307,2,1,55342,60,9,4
1308,2,0,55436,60,9,4
1309,2,2,55622,56,9,4
1310,2,3,55767,51,9,4
1311,2,2,55834,62,9,4
1312,2,1,56061,61,9,4
1313,2,0,56354,48,9,4
1314,2,1,56595,56,9,4
1315,2,2,57164,56,9,4
1316,2,0,57230,51,9,4
1317,2,2,57462,61,9,4
1318,2,1,57541,62,9,4
1319,2,2,58357,59,9,4
1320,2,2,58821,81,9,4
1321,2,1,58911,52,9,4
1322,2,3,58981,84,9,4
1323,2,1,59057,54,9,4
1324,2,2,59256,85,9,4
1325,2,0,59382,112,9,4
1326,2,2,59468,256,9,4
1327,2,3,59550,218,9,4
1328,2,1,59633,271,9,4
1329,2,2,59911,69,9,4
1330,2,0,60328,68,9,4
1331,2,3,60417,55,9,4
1332,2,2,60566,49,9,4
1333,2,0,60647,53,9,4
1334,2,1,60724,81,9,4
1335,2,2,61017,53,9,4
1336,2,3,61095,55,9,4
1337,2,1,61176,66,9,4
1338,2,2,61558,54,9,4
1339,2,0,61626,64,9,4
1340,2,1,61711,52,9,4
1341,2,3,61906,53,9,4
1342,2,1,62147,51,9,4
1343,2,0,62668,50,9,4
1344,2,3,62744,67,9,4
1345,2,2,63039,63,9,4
1346,2,1,63117,64,9,4
1347,2,2,63250,63,9,4
1348,2,0,63332,59,9,4
1349,2,3,63771,57,9,4
1350,2,2,63868,50,9,4
1351,2,0,63912,50,9,4
1352,2,1,64111,49,9,4
1353,2,2,64488,51,9,4
1354,2,3,64612,61,9,4
1355,2,0,64696,56,9,4
1356,2,2,64983,51,9,4
1357,2,1,65258,56,9,4
1358,2,0,65322,47,9,4
1359,2,2,65391,49,9,4
1360,2,1,65999,42,9,4
1361,2,3,66317,56,9,4
1362,2,1,66560,62,9,4
1363,2,2,66643,66,9,4
1364,2,0,67000,55,9,4
1365,2,0,67026,49,9,4
1366,2,0,67080,63,9,4
1367,2,2,67167,63,9,4
1368,2,1,67236,102,9,4
1369,2,0,67308,71,9,4
1370,2,2,67897,53,9,4
1371,2,1,67971,53,9,4
1372,2,3,68049,64,9,4
1373,2,0,68188,69,9,4
1374,2,2,68290,63,9,4
1375,2,0,68354,50,9,4
1376,2,1,68920,69,9,4
1377,2,2,69009,85,9,4
1378,2,0,69069,57,9,4
1379,2,3,69293,58,9,4
1380,2,1,69361,60,9,4
1381,2,0,69429,77,9,4
1382,2,2,69539,55,9,4
1383,2,0,69977,38,9,4
1384,2,3,70048,54,9,4
1385,2,1,70126,62,9,4
1386,2,2,70233,56,9,4
1387,2,0,70719,53,9,4
1388,2,2,70787,60,9,4
1389,2,1,70848,41,9,4
1390,2,3,71277,58,9,4
1391,2,1,71356,110,9,4
1392,2,0,71432,84,9,4
1393,2,2,71577,60,9,4
1394,2,1,71744,63,9,4
1395,2,0,71843,67,9,4
1396,2,2,71920,67,9,4
1397,2,1,72142,53,9,4
1398,2,0,72319,55,9,4
1399,2,2,72429,56,9,4
1400,2,3,72720,47,9,4
1401,2,1,72799,111,9,4
1402,2,2,73106,50,9,4
1403,2,0,73190,54,9,4
1404,2,0,73434,52,9,4
1405,2,3,73644,46,9,4
1406,2,1,73847,57,9,4
1407,2,2,73950,56,9,4
1408,2,1,74020,69,9,4
1409,2,1,74304,62,9,4
1410,2,0,74392,69,9,4
1411,2,2,74455,46,9,4
1412,2,1,74527,62,9,4
1413,2,0,74673,56,9,4
1414,2,3,74756,58,9,4
1415,2,1,74939,43,9,4
1416,2,0,75029,46,9,4
1417,2,0,75554,60,9,4
1418,2,2,75724,60,9,4
1419,2,1,75812,88,9,4
1420,2,0,75895,68,9,4
1421,2,2,75976,199,9,4
1422,2,3,76137,120,9,4
1423,2,2,76431,47,9,4
1424,2,1,76504,59,9,4
1425,2,0,76580,65,9,4
1426,2,2,77200,54,9,4
1427,2,3,77310,83,9,4
1428,2,0,77816,50,9,4
1429,2,1,77925,94,9,4
1430,2,1,78008,47,9,4
1431,2,2,78134,64,9,4
1432,2,0,78211,57,9,4
1433,2,2,78325,75,9,4
1434,2,1,78407,113,9,4
1435,2,3,78501,96,9,4
1436,2,0,78578,87,9,4
1437,2,1,78654,56,9,4
1438,2,2,78719,63,9,4
1439,2,0,78784,66,9,4
1440,2,2,79562,40,9,4
1441,2,0,79670,63,9,4
1442,2,3,79771,60,9,4
1443,2,1,80137,63,9,4
1444,2,0,80229,74,9,4
1445,2,2,80297,86,9,4
1446,2,1,80360,48,9,4
1447,2,2,80445,49,9,4
1448,2,0,80600,86,9,4
1449,2,1,80686,50,9,4
1450,2,0,80794,79,9,4
1451,2,3,80877,64,9,4
1452,2,2,81077,55,9,4
1453,2,1,81501,53,9,4
1454,2,0,81575,73,9,4
1455,2,1,81750,56,9,4
1456,2,0,81825,60,9,4
1457,2,2,81950,58,9,4
1458,2,3,82038,128,9,4
1459,2,2,82111,85,9,4
1460,2,0,82729,66,9,4
1461,2,1,82807,110,9,4
1462,2,2,82881,73,9,4
1463,2,0,83450,52,9,4
1464,2,1,83526,102,9,4
1465,2,3,83621,70,9,4
1466,2,2,83697,66,9,4
1467,2,2,83791,47,9,4
1468,2,0,84058,54,9,4
1469,2,1,84112,54,9,4
1470,2,3,84204,56,9,4
1471,2,2,84556,89,9,4
1472,2,2,84641,69,9,4
1473,2,2,84713,64,9,4
1474,2,1,84964,45,9,4
1475,2,2,85024,77,9,4
1476,2,0,85088,135,9,4
1477,2,1,85460,55,9,4
1478,2,3,85533,55,9,4
1479,2,2,85604,56,9,4
1480,2,0,85696,65,9,4
1481,2,2,85931,54,9,4
1482,2,1,86235,55,9,4
1483,2,0,87,51,9,4
1484,2,3,359,60,9,4
1485,2,2,585,57,9,4
1486,2,1,646,62,9,4
1487,2,0,890,60,9,4
1488,2,2,964,51,9,4
1489,2,0,1046,63,9,4
1490,2,1,1206,56,9,4
1491,2,3,1497,55,9,4
1492,2,0,1624,59,9,4
1493,2,1,1765,60,9,4
1494,2,2,2182,58,9,4
1495,2,0,2263,64,9,4
1496,2,3,2653,44,9,4
1497,2,1,2828,53,9,4
1498,2,2,2894,56,9,4
1499,2,0,2966,60,9,4
1500,2,1,3514,61,9,4
1501,2,0,3596,64,9,4
1502,2,3,3892,55,9,4
1503,2,1,3958,52,9,4
1504,2,0,4049,65,9,4
1505,2,2,4660,79,9,4
1506,2,1,4730,51,9,4
1507,2,2,4796,46,9,4
1508,2,0,5277,51,9,4
1509,2,1,5349,45,9,4
1510,2,3,5418,66,9,4
1511,2,0,5591,63,9,4
1512,2,2,5671,65,9,4
1513,2,1,5929,55,9,4
1514,2,3,6009,67,9,4
1515,2,0,6442,67,9,4
1516,2,1,6540,96,9,4
1517,2,0,6636,61,9,4
1518,2,2,6953,53,9,4
1519,2,1,7338,45,9,4
1520,2,3,7414,66,9,4
1521,2,0,7485,64,9,4
1522,2,2,7609,53,9,4
1523,2,1,7792,54,9,4
1524,2,2,8172,54,9,4
1525,2,0,8293,46,9,4
1526,2,3,8420,70,9,4
1527,2,2,8575,47,9,4
1528,2,1,9069,63,9,4
1529,2,0,9146,60,9,4
1530,2,1,9323,75,9,4
1531,2,1,9424,63,9,4
1532,2,2,9494,47,9,4
1533,2,1,9595,59,9,4
1534,2,0,9919,52,9,4
1535,2,1,9995,56,9,4
1536,2,3,10074,80,9,4
1537,2,0,10405,69,9,4
1538,2,2,10463,84,9,4
1539,2,1,10557,71,9,4
1540,2,2,10901,59,9,4
1541,2,0,11057,45,9,4
1542,2,3,11137,61,9,4
1543,2,1,11209,63,9,4
1544,2,1,11646,43,9,4
1545,2,0,11899,48,9,4
1546,2,3,12472,46,9,4
1547,2,2,12693,54,9,4
1548,2,0,12760,48,9,4
1549,2,1,12822,58,9,4
1550,2,2,12945,50,9,4
1551,2,1,13569,57,9,4
1552,2,3,13679,48,9,4
1553,2,1,13872,50,9,4
1554,2,0,14095,70,9,4
1555,2,2,14163,49,9,4
1556,2,1,14223,54,9,4
1557,2,0,14342,54,9,4
1558,2,2,14483,50,9,4
1559,2,1,14696,55,9,4
1560,2,0,15052,51,9,4
1561,2,3,15157,53,9,4
1562,2,1,15305,52,9,4
1563,2,2,15449,51,9,4
1564,2,0,15692,50,9,4
1565,2,1,15809,52,9,4
1566,2,3,15922,47,9,4
1567,2,1,16287,42,9,4
1568,2,0,16511,51,9,4
1569,2,2,16958,95,9,4
1570,2,1,17014,139,9,4
1571,2,2,17098,93,9,4
1572,2,3,17699,69,9,4
1573,2,0,17809,51,9,4
1574,2,2,34111,53,9,5
1575,2,1,34197,71,9,5
1576,2,2,34431,62,9,5
1577,2,0,34772,62,9,5
1578,2,1,34875,56,9,5
1579,2,2,35134,53,9,5
1580,2,0,35276,64,9,5
1581,2,1,35351,79,9,5
1582,2,2,35588,56,9,5
1583,2,1,35655,81,9,5
1584,2,0,35914,64,9,5
1585,2,2,36578,59,9,5
1586,2,3,36662,59,9,5
1587,2,0,37085,58,9,5
1588,2,2,37129,86,9,5
1589,2,3,37215,65,9,5
1590,2,1,37285,88,9,5
1591,2,2,37825,75,9,5
1592,2,0,37882,124,9,5
1593,2,3,38133,64,9,5
1594,2,1,38308,71,9,5
1595,2,2,38476,65,9,5
1596,2,1,38822,52,9,5
1597,2,0,38982,66,9,5
1598,2,3,39078,66,9,5
1599,2,2,39393,58,9,5
1600,2,1,40011,71,9,5
1601,2,1,40080,95,9,5
1602,2,0,40161,104,9,5
1603,2,2,40360,63,9,5
1604,2,0,40574,74,9,5
1605,2,1,40760,58,9,5
1606,2,3,40987,57,9,5
1607,2,0,41078,68,9,5
1608,2,2,41206,53,9,5
1609,2,1,41303,67,9,5
1610,2,0,41677,63,9,5
1611,2,1,41786,64,9,5
1612,2,0,41848,82,9,5
1613,2,3,41949,67,9,5
1614,2,2,42354,56,9,5
1615,2,0,42574,67,9,5
1616,2,1,42642,110,9,5
1617,2,3,42773,59,9,5
1618,2,0,42897,56,9,5
1619,2,1,43480,72,9,5
1620,2,0,43542,95,9,5
1621,2,2,43850,70,9,5
1622,2,3,43929,134,9,5
1623,2,1,43995,171,9,5
1624,2,1,44061,202,9,5
1625,2,0,44141,187,9,5
1626,2,2,44278,200,9,5
1627,2,3,44342,235,9,5
1628,2,0,44526,131,9,5
1629,2,1,44600,143,9,5
1630,2,2,45036,60,9,5
1631,2,3,45112,80,9,5
1632,2,0,45185,93,9,5
1633,2,1,45269,111,9,5
1634,2,0,45865,66,9,5
1635,2,3,46123,67,9,5
1636,2,0,46224,67,9,5
1637,2,1,46550,77,9,5
1638,2,3,46635,150,9,5
1639,2,2,46711,167,9,5
1640,2,0,46917,73,9,5
1641,2,3,47234,63,9,5
1642,2,2,47435,74,9,5
1643,2,1,47511,110,9,5
1644,2,0,47587,151,9,5
1645,2,2,48410,63,9,5
1646,2,0,48627,69,9,5
1647,2,3,48716,77,9,5
1648,2,1,48788,76,9,5
1649,2,2,48869,100,9,5
1650,2,0,48939,130,9,5
1651,2,2,49229,80,9,5
1652,2,3,49298,101,9,5
1653,2,1,49368,116,9,5
1654,2,3,49481,72,9,5
1655,2,0,49640,72,9,5
1656,2,2,49716,168,9,5
1657,2,1,50155,51,9,5
1658,2,0,50233,72,9,5
1659,2,2,50314,78,9,5
1660,2,3,50426,59,9,5
1661,2,1,50512,56,9,5
1662,2,0,50596,62,9,5
1663,2,2,51412,63,9,5
1664,2,1,51514,70,9,5
1665,2,3,51575,78,9,5
1666,2,0,51805,78,9,5
1667,2,2,51866,147,9,5
1668,2,3,52618,54,9,5
1669,2,0,52734,64,9,5
1670,2,1,52854,61,9,5
1671,2,2,53062,70,9,5
1672,2,0,53178,67,9,5
1673,2,1,53387,85,9,5
1674,2,2,53482,92,9,5
1675,2,2,53540,116,9,5
1676,2,3,53606,106,9,5
1677,2,0,54262,49,9,5
1678,2,3,54373,49,9,5
1679,2,1,54825,75,9,5
1680,2,2,55148,71,9,5
1681,2,1,55248,70,9,5
1682,2,2,55303,121,9,5
1683,2,3,55438,91,9,5
1684,2,1,55506,132,9,5
1685,2,0,55587,128,9,5
1686,2,2,55742,85,9,5
1687,2,3,55875,59,9,5
1688,2,2,55957,61,9,5
1689,2,1,56211,67,9,5
1690,2,0,56467,48,9,5
1691,2,1,56710,59,9,5
1692,2,2,57328,63,9,5
1693,2,0,57381,101,9,5
1694,2,2,57588,73,9,5
1695,2,1,57700,234,9,5
1696,2,2,58485,91,9,5
1697,2,2,59088,66,9,5
1698,2,1,59181,106,9,5
1699,2,2,59483,97,9,5
1700,2,0,59706,69,9,5
1701,2,2,59800,107,9,5
1702,2,3,59897,83,9,5
1703,2,1,59971,111,9,5
1704,2,2,60047,134,9,5
1705,2,0,60465,79,9,5
1706,2,3,60542,91,9,5
1707,2,2,60692,61,9,5
1708,2,0,60805,53,9,5
1709,2,1,60865,92,9,5
1710,2,2,61143,56,9,5
1711,2,3,61227,78,9,5
1712,2,1,61341,66,9,5
1713,2,2,61680,71,9,5
1714,2,0,61746,69,9,5
1715,2,3,62025,69,9,5
1716,2,1,62280,65,9,5
1717,2,0,62798,54,9,5
1718,2,3,62903,56,9,5
1719,2,2,63236,75,9,5
1720,2,1,63309,145,9,5
1721,2,2,63375,151,9,5
1722,2,0,63462,147,9,5
1723,2,3,63910,52,9,5
1724,2,2,64002,57,9,5
1725,2,0,64066,82,9,5
1726,2,1,64227,47,9,5
1727,2,2,64663,57,9,5
1728,2,3,64754,80,9,5
1729,2,0,64820,136,9,5
1730,2,2,65118,58,9,5
1731,2,1,65373,52,9,5
1732,2,0,65425,82,9,5
1733,2,2,65507,68,9,5
1734,2,1,66193,45,9,5
1735,2,3,66481,59,9,5
1736,2,1,66710,69,9,5
1737,2,2,66784,93,9,5
1738,2,2,67336,65,9,5
1739,2,1,67422,77,9,5
1740,2,0,67499,81,9,5
1741,2,2,68034,46,9,5
1742,2,1,68114,83,9,5
1743,2,3,68184,93,9,5
1744,2,0,68325,80,9,5
1745,2,2,68441,59,9,5
1746,2,1,69081,75,9,5
1747,2,2,69162,141,9,5
1748,2,0,69231,182,9,5
1749,2,3,69470,59,9,5
1750,2,1,69539,82,9,5
1751,2,0,69599,109,9,5
1752,2,2,69692,88,9,5
1753,2,0,70092,41,9,5
1754,2,3,70190,56,9,5
1755,2,1,70263,72,9,5
1756,2,2,70355,77,9,5
1757,2,0,70862,58,9,5
1758,2,2,70950,106,9,5
1759,2,1,71006,121,9,5
1760,2,3,71466,61,9,5
1761,2,1,71542,99,9,5
1762,2,0,71613,126,9,5
1763,2,2,71735,125,9,5
1764,2,1,71889,101,9,5
1765,2,0,71987,100,9,5
1766,2,2,72058,149,9,5
1767,2,1,72266,59,9,5
1768,2,0,72456,51,9,5
1769,2,2,72571,44,9,5
1770,2,3,72910,47,9,5
1771,2,1,72988,77,9,5
1772,2,2,73226,63,9,5
1773,2,0,73313,102,9,5
1774,2,0,73603,68,9,5
1775,2,3,73775,62,9,5
1776,2,1,73969,58,9,5
1777,2,2,74116,92,9,5
1778,2,1,74442,74,9,5
1779,2,0,74533,116,9,5
1780,2,2,74602,117,9,5
1781,2,1,74672,104,9,5
1782,2,0,74804,67,9,5
1783,2,3,74912,65,9,5
1784,2,1,75061,49,9,5
1785,2,0,75133,57,9,5
1786,2,0,75772,57,9,5
1787,2,2,75895,76,9,5
1788,2,1,76083,61,9,5
1789,2,0,76171,101,9,5
1790,2,2,76267,134,9,5
1791,2,3,76404,69,9,5
1792,2,2,76562,59,9,5
1793,2,1,76636,126,9,5
1794,2,0,76715,121,9,5
1795,2,2,77375,63,9,5
1796,2,3,77497,73,9,5
1797,2,1,78162,75,9,5
1798,2,2,78294,75,9,5
1799,2,0,78364,92,9,5
1800,2,2,78510,63,9,5
1801,2,1,78600,76,9,5
1802,2,3,78679,76,9,5
1803,2,0,78748,88,9,5
1804,2,1,78810,110,9,5
1805,2,2,78884,105,9,5
1806,2,0,78947,124,9,5
1807,2,2,79710,51,9,5
1808,2,0,79814,74,9,5
1809,2,3,79917,66,9,5
1810,2,1,80285,71,9,5
1811,2,0,80387,90,9,5
1812,2,2,80472,109,9,5
1813,2,2,80583,83,9,5
1814,2,1,80835,73,9,5
1815,2,3,81033,69,9,5
1816,2,2,81215,61,9,5
1817,2,1,81661,54,9,5
1818,2,0,81726,81,9,5
1819,2,1,81872,63,9,5
1820,2,0,81948,69,9,5
1821,2,2,82168,65,9,5
1822,2,3,82251,111,9,5
1823,2,2,82308,136,9,5
1824,2,0,82918,72,9,5
1825,2,1,82987,150,9,5
1826,2,2,83044,157,9,5
1827,2,0,83625,65,9,5
1828,2,1,83699,94,9,5
1829,2,3,83776,103,9,5
1830,2,2,83846,149,9,5
1831,2,2,83896,172,9,5
1832,2,0,84193,62,9,5
1833,2,1,84251,68,9,5
1834,2,3,84351,67,9,5
1835,2,2,84692,103,9,5
1836,2,2,84822,69,9,5
1837,2,2,84918,76,9,5
1838,2,2,85245,99,9,5
1839,2,0,85306,110,9,5
1840,2,1,85625,50,9,5
1841,2,3,85686,84,9,5
1842,2,2,85760,92,9,5
1843,2,0,85833,89,9,5
1844,2,2,86057,53,9,5
1845,2,1,86370,57,9,5
1846,2,0,214,48,9,5
1847,2,3,492,53,9,5
1848,2,2,724,50,9,5
1849,2,1,778,94,9,5
1850,2,2,1115,59,9,5
1851,2,0,1174,133,9,5
1852,2,1,1325,72,9,5
1853,2,3,1626,51,9,5
1854,2,0,1756,57,9,5
1855,2,1,1894,79,9,5
1856,2,2,2334,57,9,5
1857,2,0,2535,57,9,5
1858,2,3,2761,57,9,5
1859,2,1,2953,58,9,5
1860,2,2,3016,63,9,5
1861,2,0,3087,78,9,5
1862,2,1,3662,61,9,5
1863,2,0,3731,101,9,5
1864,2,3,4022,66,9,5
1865,2,1,4096,77,9,5
1866,2,0,4189,96,9,5
1867,2,2,4851,90,9,5
1868,2,1,4930,116,9,5
1869,2,1,5479,48,9,5
1870,2,3,5595,59,9,5
1871,2,0,5722,70,9,5
1872,2,2,5817,76,9,5
1873,2,1,6070,59,9,5
1874,2,3,6153,102,9,5
1875,2,0,6639,67,9,5
1876,2,1,6711,96,9,5
1877,2,0,6789,106,9,5
1878,2,2,7111,48,9,5
1879,2,1,7471,48,9,5
1880,2,3,7546,90,9,5
1881,2,0,7668,62,9,5
1882,2,1,7949,64,9,5
1883,2,0,8489,52,9,5
1884,2,3,8562,110,9,5
1885,2,0,9339,65,9,5
1886,2,1,9500,77,9,5
1887,2,2,9641,70,9,5
1888,2,1,9737,71,9,5
1889,2,0,10044,47,9,5
1890,2,1,10137,57,9,5
1891,2,3,10253,55,9,5
1892,2,0,10552,74,9,5
1893,2,2,10625,85,9,5
1894,2,1,10694,110,9,5
1895,2,2,11045,47,9,5
1896,2,0,11168,56,9,5
1897,2,3,11273,60,9,5
1898,2,1,11333,87,9,5
1899,2,1,11753,48,9,5
1900,2,0,12036,55,9,5
1901,2,3,12600,52,9,5
1902,2,0,12882,52,9,5
1903,2,1,12943,119,9,5
1904,2,2,13068,58,9,5
1905,2,1,13702,60,9,5
1906,2,3,13782,57,9,5
1907,2,1,14004,49,9,5
1908,2,2,14281,48,9,5
1909,2,1,14334,69,9,5
1910,2,0,14475,70,9,5
1911,2,2,14591,61,9,5
1912,2,1,14814,52,9,5
1913,2,0,15194,54,9,5
1914,2,3,15263,74,9,5
1915,2,1,15424,61,9,5
1916,2,2,15561,69,9,5
1917,2,0,15792,44,9,5
1918,2,1,15919,52,9,5
1919,2,3,16025,65,9,5
1920,2,1,16391,47,9,5
1921,2,0,16635,56,9,5
1922,2,2,17163,107,9,5
1923,2,1,17211,145,9,5
1924,2,2,17266,175,9,5
1925,2,0,35008,107,9,6
1926,2,0,35524,85,9,6
1927,2,0,36673,101,9,6
1928,2,0,37335,87,9,6
1929,2,0,38215,108,9,6
1930,2,0,39253,97,9,6
1931,2,0,40908,109,9,6
1932,2,0,41350,91,9,6
1933,2,0,41950,91,9,6
1934,2,0,42111,70,9,6
1935,2,0,42888,111,9,6
1936,2,0,43274,92,9,6
1937,2,0,43871,94,9,6
1938,2,0,44855,152,9,6
1939,2,0,45545,107,9,6
1940,2,0,46473,104,9,6
1941,2,0,47174,93,9,6
1942,2,0,47945,99,9,6
1943,2,0,48911,94,9,6
1944,2,0,49274,101,9,6
1945,2,0,50042,103,9,6
1946,2,0,50565,97,9,6
1947,2,0,51243,88,9,6
1948,2,0,52134,98,9,6
1949,2,0,52973,82,9,6
1950,2,0,53502,99,9,6
1951,2,0,54458,142,9,6
1952,2,0,55910,104,9,6
1953,2,0,56709,73,9,6
1954,2,0,57725,79,9,6
1955,2,0,58720,115,9,6
1956,2,0,60074,141,9,6
1957,2,0,60779,107,9,6
1958,2,0,61075,104,9,6
1959,2,0,62219,92,9,6
1960,2,0,63066,70,9,6
1961,2,0,63808,114,9,6
1962,2,0,64362,89,9,6
1963,2,0,65212,90,9,6
1964,2,0,65675,76,9,6
1965,2,0,67777,71,9,6
1966,2,0,68764,115,9,6
1967,2,0,69599,89,9,6
1968,2,0,69886,85,9,6
1969,2,0,70330,71,9,6
1970,2,0,71206,78,9,6
1971,2,0,71960,86,9,6
1972,2,0,72306,130,9,6
1973,2,0,72714,77,9,6
1974,2,0,73750,93,9,6
1975,2,0,74056,239,9,6
1976,2,0,74857,104,9,6
1977,2,0,75058,88,9,6
1978,2,0,75410,104,9,6
1979,2,0,76158,76,9,6
1980,2,0,76533,89,9,6
1981,2,0,77134,102,9,6
1982,2,0,78707,90,9,6
1983,2,0,79042,81,9,6
1984,2,0,79249,128,9,6
1985,2,0,80119,94,9,6
1986,2,0,80713,371,9,6
1987,2,0,82020,83,9,6
1988,2,0,82324,88,9,6
1989,2,0,83306,103,9,6
1990,2,0,83923,91,9,6
1991,2,0,84534,87,9,6
1992,2,0,85619,96,9,6
1993,2,0,86121,110,9,6
1994,2,0,435,76,9,6
1995,2,0,1483,139,9,6
1996,2,0,2037,84,9,6
1997,2,0,2759,73,9,6
1998,2,0,3377,89,9,6
1999,2,0,4031,84,9,6
2000,2,0,4453,83,9,6
2001,2,0,6020,96,9,6
2002,2,0,6950,114,9,6
2003,2,0,7082,109,9,6
2004,2,0,7978,71,9,6
2005,2,0,8775,120,9,6
2006,2,0,9642,132,9,6
2007,2,0,10267,68,9,6
2008,2,0,10845,102,9,6
2009,2,0,11471,77,9,6
2010,2,0,12360,165,9,6
2011,2,0,13159,78,9,6
2012,2,0,14742,102,9,6
2013,2,0,15425,78,9,6
2014,2,0,15972,63,9,6
2015,2,0,16841,86,9,6
2016,2,0,35178,45,9,7
2017,2,0,35680,44,9,7
2018,2,0,36860,40,9,7
2019,2,0,37493,44,9,7
2020,2,0,38386,106,9,7
2021,2,0,39433,50,9,7
2022,2,0,40067,66,9,7
2023,2,0,41111,49,9,7
2024,2,0,41505,46,9,7
2025,2,0,42129,42,9,7
2026,2,0,42238,90,9,7
2027,2,0,43092,49,9,7
2028,2,0,43457,48,9,7
2029,2,0,44103,54,9,7
2030,2,0,45156,194,9,7
2031,2,0,45734,70,9,7
2032,2,0,46517,104,9,7
2033,2,0,46817,67,9,7
2034,2,0,47399,92,9,7
2035,2,0,48203,163,9,7
2036,2,0,49092,48,9,7
2037,2,0,49442,110,9,7
2038,2,0,50270,56,9,7
2039,2,0,50752,31,9,7
2040,2,0,51390,70,9,7
2041,2,0,52309,51,9,7
2042,2,0,53151,47,9,7
2043,2,0,53674,41,9,7
2044,2,0,54266,84,9,7
2045,2,0,54671,94,9,7
2046,2,0,56111,45,9,7
2047,2,0,56194,58,9,7
2048,2,0,56851,77,9,7
2049,2,0,57878,52,9,7
2050,2,0,58924,46,9,7
2051,2,0,60304,129,9,7
2052,2,0,60965,63,9,7
2053,2,0,61757,100,9,7
2054,2,0,62418,40,9,7
2055,2,0,63234,38,9,7
2056,2,0,63996,120,9,7
2057,2,0,64622,30,9,7
2058,2,0,65385,44,9,7
2059,2,0,66072,29,9,7
2060,2,0,67343,40,9,7
2061,2,0,67466,143,9,7
2062,2,0,68032,37,9,7
2063,2,0,68670,92,9,7
2064,2,0,69115,55,9,7
2065,2,0,69773,71,9,7
2066,2,0,70050,79,9,7
2067,2,0,70611,30,9,7
2068,2,0,71403,41,9,7
2069,2,0,72122,113,9,7
2070,2,0,72510,77,9,7
2071,2,0,73207,105,9,7
2072,2,0,73989,38,9,7
2073,2,0,74386,57,9,7
2074,2,0,75047,40,9,7
2075,2,0,75224,39,9,7
2076,2,0,75579,39,9,7
2077,2,0,76384,53,9,7
2078,2,0,76742,64,9,7
2079,2,0,77430,37,9,7
2080,2,0,78256,35,9,7
2081,2,0,78950,56,9,7
2082,2,0,79212,119,9,7
2083,2,0,79767,153,9,7
2084,2,0,80329,40,9,7
2085,2,0,81060,62,9,7
2086,2,0,81266,44,9,7
2087,2,0,81658,42,9,7
2088,2,0,82197,34,9,7
2089,2,0,82758,153,9,7
2090,2,0,83550,41,9,7
2091,2,0,84125,37,9,7
2092,2,0,84704,47,9,7
2093,2,0,85786,45,9,7
2094,2,0,86300,37,9,7
2095,2,0,578,37,9,7
2096,2,0,1213,110,9,7
2097,2,0,1693,37,9,7
2098,2,0,2191,37,9,7
2099,2,0,2901,33,9,7
2100,2,0,3530,42,9,7
2101,2,0,4195,50,9,7
2102,2,0,4597,63,9,7
2103,2,0,5638,57,9,7
2104,2,0,6188,46,9,7
2105,2,0,7165,53,9,7
2106,2,0,7419,42,9,7
2107,2,0,8120,36,9,7
2108,2,0,8959,39,9,7
2109,2,0,9844,33,9,7
2110,2,0,10389,34,9,7
2111,2,0,11017,49,9,7
2112,2,0,11715,86,9,7
2113,2,0,12600,38,9,7
2114,2,0,13294,37,9,7
2115,2,0,14676,53,9,7
2116,2,0,15017,39,9,7
2117,2,0,15561,36,9,7
2118,2,0,16082,31,9,7
2119,2,0,17000,32,9,7
2120,2,3,32903,103,9,8
2121,2,3,34157,92,9,8
2122,2,2,34587,93,9,8
2123,2,1,34752,95,9,8
2124,2,2,34909,93,9,8
2125,2,3,35196,92,9,8
2126,2,0,35251,115,9,8
2127,2,1,35357,103,9,8
2128,2,3,35414,100,9,8
2129,2,2,35631,122,9,8
2130,2,0,35761,115,9,8
2131,2,1,35829,614,9,8
2132,2,1,36604,79,9,8
2133,2,2,36662,87,9,8
2134,2,3,36754,78,9,8
2135,2,0,36933,121,9,8
2136,2,2,37100,102,9,8
2137,2,3,37221,94,9,8
2138,2,1,37270,106,9,8
2139,2,0,37573,100,9,8
2140,2,2,37675,82,9,8
2141,2,3,37838,96,9,8
2142,2,1,38036,96,9,8
2143,2,2,38459,127,9,8
2144,2,0,38534,118,9,8
2145,2,3,38647,112,9,8
2146,2,1,38957,107,9,8
2147,2,2,39173,107,9,8
2148,2,0,39518,102,9,8
2149,2,3,39623,123,9,8
2150,2,1,39688,124,9,8
2151,2,2,39897,105,9,8
2152,2,0,40170,94,9,8
2153,2,1,40621,96,9,8
2154,2,3,40763,91,9,8
2155,2,1,40941,128,9,8
2156,2,2,41004,123,9,8
2157,2,0,41196,99,9,8
2158,2,1,41271,101,9,8
2159,2,3,41525,90,9,8
2160,2,0,41585,123,9,8
2161,2,2,41685,96,9,8
2162,2,1,41796,128,9,8
2163,2,0,42212,111,9,8
2164,2,1,42296,105,9,8
2165,2,0,42362,98,9,8
2166,2,3,42527,99,9,8
2167,2,2,42905,95,9,8
2168,2,0,43186,126,9,8
2169,2,1,43264,119,9,8
2170,2,3,43334,106,9,8
2171,2,0,43560,101,9,8
2172,2,1,44122,119,9,8
2173,2,0,44199,135,9,8
2174,2,2,44743,106,9,8
2175,2,3,44810,144,9,8
2176,2,1,44912,129,9,8
2177,2,1,45108,78,9,8
2178,2,2,45229,140,9,8
2179,2,3,45314,147,9,8
2180,2,0,45395,134,9,8
2181,2,1,45582,97,9,8
2182,2,2,45693,99,9,8
2183,2,3,45770,104,9,8
2184,2,0,45855,117,9,8
2185,2,1,46168,85,9,8
2186,2,2,46592,116,9,8
2187,2,0,46673,129,9,8
2188,2,3,46761,139,9,8
2189,2,0,46933,124,9,8
2190,2,1,47217,146,9,8
2191,2,3,47458,126,9,8
2192,2,0,47532,113,9,8
2193,2,1,48263,133,9,8
2194,2,3,48336,138,9,8
2195,2,0,48403,148,9,8
2196,2,2,48491,142,9,8
2197,2,1,48842,110,9,8
2198,2,2,48998,124,9,8
2199,2,0,49184,114,9,8
2200,2,3,49307,98,9,8
2201,2,1,49376,113,9,8
2202,2,2,49518,117,9,8
2203,2,0,49589,153,9,8
2204,2,3,49997,99,9,8
2205,2,2,50074,102,9,8
2206,2,1,50150,99,9,8
2207,2,0,50364,109,9,8
2208,2,3,50545,95,9,8
2209,2,1,50660,85,9,8
2210,2,0,50823,97,9,8
2211,2,2,51212,111,9,8
2212,2,3,51338,89,9,8
2213,2,1,51434,88,9,8
2214,2,0,51491,85,9,8
2215,2,2,51992,101,9,8
2216,2,1,52069,100,9,8
2217,2,3,52128,102,9,8
2218,2,0,52399,107,9,8
2219,2,1,52823,109,9,8
2220,2,2,52961,76,9,8
2221,2,3,53123,92,9,8
2222,2,0,53238,103,9,8
2223,2,1,53363,105,9,8
2224,2,2,53588,107,9,8
2225,2,0,53747,133,9,8
2226,2,1,54012,110,9,8
2227,2,1,54158,211,9,8
2228,2,3,54239,165,9,8
2229,2,2,54315,156,9,8
2230,2,0,54392,145,9,8
2231,2,2,54628,84,9,8
2232,2,1,54735,149,9,8
2233,2,0,54802,161,9,8
2234,2,2,55201,100,9,8
2235,2,3,55269,111,9,8
2236,2,1,55421,155,9,8
2237,2,2,55680,117,9,8
2238,2,1,55837,111,9,8
2239,2,2,55899,117,9,8
2240,2,3,56082,154,9,8
2241,2,0,56203,112,9,8
2242,2,0,56267,162,9,8
2243,2,1,56329,141,9,8
2244,2,2,56403,142,9,8
2245,2,1,56757,121,9,8
2246,2,3,56903,92,9,8
2247,2,0,56965,85,9,8
2248,2,3,56930,141,9,8
2249,2,2,57035,100,9,8
2250,2,1,57229,125,9,8
2251,2,2,57902,113,9,8
2252,2,0,57965,127,9,8
2253,2,1,58476,99,9,8
2254,2,2,58821,113,9,8
2255,2,3,58943,113,9,8
2256,2,0,59022,121,9,8
2257,2,2,59103,119,9,8
2258,2,3,59174,123,9,8
2259,2,1,59263,121,9,8
2260,2,3,59417,101,9,8
2261,2,2,59480,99,9,8
2262,2,2,59613,95,9,8
2263,2,1,59746,82,9,8
2264,2,2,60304,152,9,8
2265,2,2,60403,100,9,8
2266,2,0,60484,232,9,8
2267,2,2,60558,231,9,8
2268,2,3,60630,230,9,8
2269,2,1,60701,215,9,8
2270,2,2,60997,110,9,8
2271,2,0,61067,113,9,8
2272,2,3,61137,110,9,8
2273,2,2,61206,102,9,8
2274,2,1,61405,96,9,8
2275,2,2,61641,95,9,8
2276,2,3,61751,100,9,8
2277,2,0,61894,102,9,8
2278,2,0,61993,96,9,8
2279,2,1,62150,125,9,8
2280,2,2,62281,130,9,8
2281,2,0,62497,97,9,8
2282,2,3,62707,100,9,8
2283,2,0,63322,91,9,8
2284,2,3,63440,98,9,8
2285,2,2,63936,127,9,8
2286,2,1,64019,123,9,8
2287,2,2,64087,124,9,8
2288,2,0,64155,116,9,8
2289,2,3,64489,96,9,8
2290,2,2,64583,94,9,8
2291,2,0,64693,80,9,8
2292,2,1,65010,94,9,8
2293,2,2,65239,92,9,8
2294,2,3,65306,105,9,8
2295,2,0,65472,121,9,8
2296,2,1,65713,90,9,8
2297,2,2,65776,87,9,8
2298,2,1,66063,96,9,8
2299,2,0,66136,79,9,8
2300,2,2,66419,87,9,8
2301,2,1,66767,75,9,8
2302,2,3,67064,98,9,8
2303,2,0,67397,102,9,8
2304,2,1,67489,113,9,8
2305,2,2,67576,112,9,8
2306,2,0,67646,105,9,8
2307,2,1,67938,92,9,8
2308,2,2,68016,114,9,8
2309,2,2,68656,111,9,8
2310,2,1,68731,95,9,8
2311,2,0,68806,107,9,8
2312,2,3,68873,105,9,8
2313,2,2,69144,97,9,8
2314,2,0,69209,130,9,8
2315,2,1,69760,128,9,8
2316,2,2,69838,131,9,8
2317,2,0,69884,156,9,8
2318,2,3,70000,109,9,8
2319,2,1,70100,107,9,8
2320,2,0,70165,97,9,8
2321,2,2,70234,92,9,8
2322,2,0,70683,75,9,8
2323,2,3,70818,100,9,8
2324,2,1,70888,100,9,8
2325,2,2,70953,103,9,8
2326,2,0,71488,97,9,8
2327,2,1,71598,71,9,8
2328,2,2,71801,89,9,8
2329,2,3,72124,97,9,8
2330,2,1,72202,142,9,8
2331,2,0,72278,138,9,8
2332,2,2,72378,108,9,8
2333,2,1,72555,114,9,8
2334,2,0,72632,114,9,8
2335,2,2,72699,110,9,8
2336,2,1,72890,109,9,8
2337,2,2,73283,93,9,8
2338,2,0,73359,111,9,8
2339,2,3,73438,90,9,8
2340,2,1,73511,89,9,8
2341,2,2,73969,87,9,8
2342,2,0,74086,114,9,8
2343,2,1,74412,109,9,8
2344,2,0,74486,109,9,8
2345,2,3,74565,97,9,8
2346,2,1,74643,103,9,8
2347,2,2,74911,117,9,8
2348,2,1,75044,134,9,8
2349,2,0,75142,115,9,8
2350,2,1,75236,100,9,8
2351,2,0,75307,95,9,8
2352,2,3,75474,92,9,8
2353,2,2,75524,97,9,8
2354,2,0,75654,80,9,8
2355,2,1,76031,104,9,8
2356,2,0,76524,109,9,8
2357,2,2,76636,114,9,8
2358,2,1,76775,100,9,8
2359,2,0,76861,111,9,8
2360,2,2,76979,105,9,8
2361,2,3,77070,93,9,8
2362,2,1,77316,93,9,8
2363,2,2,77405,93,9,8
2364,2,0,77521,103,9,8
2365,2,2,78119,103,9,8
2366,2,3,78202,127,9,8
2367,2,0,78437,99,9,8
2368,2,1,78522,143,9,8
2369,2,1,78874,147,9,8
2370,2,2,78971,136,9,8
2371,2,0,79063,143,9,8
2372,2,2,79138,159,9,8
2373,2,1,79225,141,9,8
2374,2,3,79302,129,9,8
2375,2,0,79375,166,9,8
2376,2,2,79821,91,9,8
2377,2,1,79891,102,9,8
2378,2,0,79963,110,9,8
2379,2,2,80343,85,9,8
2380,2,0,80417,129,9,8
2381,2,3,80490,138,9,8
2382,2,1,80728,100,9,8
2383,2,0,81177,143,9,8
2384,2,1,81279,136,9,8
2385,2,2,81435,124,9,8
2386,2,2,81503,130,9,8
2387,2,1,81571,133,9,8
2388,2,3,81663,108,9,8
2389,2,0,81738,102,9,8
2390,2,2,82016,98,9,8
2391,2,1,82185,94,9,8
2392,2,0,82290,103,9,8
2393,2,1,82794,88,9,8
2394,2,2,82875,116,9,8
2395,2,0,82952,108,9,8
2396,2,3,83028,102,9,8
2397,2,2,83099,90,9,8
2398,2,0,83657,113,9,8
2399,2,1,83732,123,9,8
2400,2,2,83803,115,9,8
2401,2,0,84202,98,9,8
2402,2,1,84285,125,9,8
2403,2,3,84486,101,9,8
2404,2,2,84562,99,9,8
2405,2,0,84810,126,9,8
2406,2,1,84870,132,9,8
2407,2,2,84916,132,9,8
2408,2,3,84982,127,9,8
2409,2,2,85262,203,9,8
2410,2,2,85375,139,9,8
2411,2,2,85641,116,9,8
2412,2,1,85707,118,9,8
2413,2,2,85791,92,9,8
2414,2,0,85862,101,9,8
2415,2,3,86157,91,9,8
2416,2,1,86229,78,9,8
2417,2,2,86304,88,9,8
2418,2,0,86374,93,9,8
2419,2,2,257,81,9,8
2420,2,1,478,99,9,8
2421,2,0,654,87,9,8
2422,2,3,1052,99,9,8
2423,2,2,1291,95,9,8
2424,2,0,1369,123,9,8
2425,2,1,1428,131,9,8
2426,2,0,1762,97,9,8
2427,2,1,1832,99,9,8
2428,2,2,1899,108,9,8
2429,2,3,2086,95,9,8
2430,2,0,2265,100,9,8
2431,2,1,2410,124,9,8
2432,2,2,2792,81,9,8
2433,2,0,2969,91,9,8
2434,2,3,3194,82,9,8
2435,2,1,3446,91,9,8
2436,2,2,3513,93,9,8
2437,2,0,3610,84,9,8
2438,2,1,4212,110,9,8
2439,2,0,4284,106,9,8
2440,2,3,4585,103,9,8
2441,2,1,4633,113,9,8
2442,2,0,4698,99,9,8
2443,2,2,5136,86,9,8
2444,2,1,5580,87,9,8
2445,2,0,5771,160,9,8
2446,2,2,5837,204,9,8
2447,2,1,5967,156,9,8
2448,2,3,6137,100,9,8
2449,2,0,6275,105,9,8
2450,2,1,6606,102,9,8
2451,2,2,6688,84,9,8
2452,2,0,7270,117,9,8
2453,2,1,7336,122,9,8
2454,2,0,7497,84,9,8
2455,2,2,7619,86,9,8
2456,2,1,7957,81,9,8
2457,2,3,8055,93,9,8
2458,2,2,8131,124,9,8
2459,2,0,8201,112,9,8
2460,2,1,8456,111,9,8
2461,2,2,8602,89,9,8
2462,2,2,8951,87,9,8
2463,2,0,9038,92,9,8
2464,2,3,9101,90,9,8
2465,2,1,9517,105,9,8
2466,2,1,9838,84,9,8
2467,2,0,9912,92,9,8
2468,2,1,10196,108,9,8
2469,2,2,10276,124,9,8
2470,2,1,10344,118,9,8
2471,2,0,10452,95,9,8
2472,2,1,10558,91,9,8
2473,2,3,10805,90,9,8
2474,2,0,11104,128,9,8
2475,2,2,11165,121,9,8
2476,2,1,11229,116,9,8
2477,2,2,11445,68,9,8
2478,2,3,11790,98,9,8
2479,2,0,11870,109,9,8
2480,2,1,11931,112,9,8
2481,2,1,12544,84,9,8
2482,2,0,12673,103,9,8
2483,2,3,13087,96,9,8
2484,2,2,13156,101,9,8
2485,2,0,13360,89,9,8
2486,2,1,13466,104,9,8
2487,2,2,13847,87,9,8
2488,2,1,14205,101,9,8
2489,2,3,14272,97,9,8
2490,2,0,14772,119,9,8
2491,2,1,14831,119,9,8
2492,2,2,14891,118,9,8
2493,2,1,14939,118,9,8
2494,2,0,15088,87,9,8
2495,2,2,15238,75,9,8
2496,2,1,15294,95,9,8
2497,2,0,15632,97,9,8
2498,2,3,15743,86,9,8
2499,2,1,15926,94,9,8
2500,2,2,16021,81,9,8
2501,2,0,16142,88,9,8
2502,2,1,16367,95,9,8
2503,2,3,16472,96,9,8
2504,2,1,16771,81,9,8
2505,2,0,17064,100,9,8
2506,2,3,33042,69,9,9
2507,2,3,34268,84,9,9
2508,2,2,34694,72,9,9
2509,2,1,34885,72,9,9
2510,2,2,35035,43,9,9
2511,2,3,35325,51,9,9
2512,2,0,35405,74,9,9
2513,2,1,35477,94,9,9
2514,2,3,35543,63,9,9
2515,2,2,35806,127,9,9
2516,2,0,36443,105,9,9
2517,2,1,36480,74,9,9
2518,2,1,36606,95,9,9
2519,2,1,36714,47,9,9
2520,2,2,36794,49,9,9
2521,2,3,36879,49,9,9
2522,2,0,37095,72,9,9
2523,2,2,37247,51,9,9
2524,2,3,37358,47,9,9
2525,2,1,37413,52,9,9
2526,2,0,37712,66,9,9
2527,2,2,37799,52,9,9
2528,2,3,37981,70,9,9
2529,2,1,38148,73,9,9
2530,2,2,38632,109,9,9
2531,2,0,38694,98,9,9
2532,2,3,38803,79,9,9
2533,2,1,39118,56,9,9
2534,2,2,39344,75,9,9
2535,2,0,39659,64,9,9
2536,2,3,39792,76,9,9
2537,2,1,39829,91,9,9
2538,2,2,40047,66,9,9
2539,2,0,40305,69,9,9
2540,2,1,40765,70,9,9
2541,2,3,40906,54,9,9
2542,2,1,41109,74,9,9
2543,2,2,41164,71,9,9
2544,2,0,41350,61,9,9
2545,2,1,41412,64,9,9
2546,2,3,41659,78,9,9
2547,2,0,41750,75,9,9
2548,2,2,41798,89,9,9
2549,2,1,41963,82,9,9
2550,2,0,42372,60,9,9
2551,2,1,42420,81,9,9
2552,2,0,42495,63,9,9
2553,2,3,42647,98,9,9
2554,2,2,43054,61,9,9
2555,2,0,43363,87,9,9
2556,2,1,43421,103,9,9
2557,2,3,43498,78,9,9
2558,2,0,43707,69,9,9
2559,2,1,44263,128,9,9
2560,2,0,44378,88,9,9
2561,2,2,44943,74,9,9
2562,2,3,45019,123,9,9
2563,2,1,45060,218,9,9
2564,2,1,45232,171,9,9
2565,2,2,45436,67,9,9
2566,2,3,45511,76,9,9
2567,2,0,45573,77,9,9
2568,2,1,45724,52,9,9
2569,2,2,45839,52,9,9
2570,2,3,45923,77,9,9
2571,2,0,46022,76,9,9
2572,2,1,46304,49,9,9
2573,2,2,46752,50,9,9
2574,2,0,46854,64,9,9
2575,2,3,46922,132,9,9
2576,2,0,47103,75,9,9
2577,2,1,47417,88,9,9
2578,2,3,47625,73,9,9
2579,2,0,47686,70,9,9
2580,2,1,48453,50,9,9
2581,2,3,48531,70,9,9
2582,2,0,48590,85,9,9
2583,2,2,48680,60,9,9
2584,2,1,48996,52,9,9
2585,2,2,49208,90,9,9
2586,2,0,49349,64,9,9
2587,2,3,49447,66,9,9
2588,2,1,49532,90,9,9
2589,2,2,49716,67,9,9
2590,2,0,49783,64,9,9
2591,2,3,50143,65,9,9
2592,2,2,50227,75,9,9
2593,2,1,50288,75,9,9
2594,2,0,50523,57,9,9
2595,2,3,50682,62,9,9
2596,2,1,50790,53,9,9
2597,2,0,50964,49,9,9
2598,2,2,51369,87,9,9
2599,2,3,51483,53,9,9
2600,2,1,51564,45,9,9
2601,2,0,51617,43,9,9
2602,2,2,52145,61,9,9
2603,2,1,52213,77,9,9
2604,2,3,52268,79,9,9
2605,2,0,52550,71,9,9
2606,2,1,52952,91,9,9
2607,2,2,53077,42,9,9
2608,2,3,53274,63,9,9
2609,2,0,53387,59,9,9
2610,2,1,53507,54,9,9
2611,2,2,53740,82,9,9
2612,2,0,53932,74,9,9
2613,2,1,54162,58,9,9
2614,2,1,54395,127,9,9
2615,2,3,54449,99,9,9
2616,2,2,54517,108,9,9
2617,2,0,54580,120,9,9
2618,2,2,54729,76,9,9
2619,2,1,54909,138,9,9
2620,2,0,54998,84,9,9
2621,2,2,55340,56,9,9
2622,2,3,55400,85,9,9
2623,2,1,55624,105,9,9
2624,2,2,55841,76,9,9
2625,2,1,55965,91,9,9
2626,2,2,56050,69,9,9
2627,2,3,56288,98,9,9
2628,2,0,56375,98,9,9
2629,2,0,56452,106,9,9
2630,2,1,56519,85,9,9
2631,2,2,56585,89,9,9
2632,2,1,56929,81,9,9
2633,2,3,57031,65,9,9
2634,2,0,57090,57,9,9
2635,2,2,57178,58,9,9
2636,2,1,57387,88,9,9
2637,2,2,58068,97,9,9
2638,2,0,58110,110,9,9
2639,2,1,58623,46,9,9
2640,2,0,59198,75,9,9
2641,2,2,59277,70,9,9
2642,2,3,59362,55,9,9
2643,2,1,59423,65,9,9
2644,2,3,59559,51,9,9
2645,2,2,59623,53,9,9
2646,2,2,59747,63,9,9
2647,2,1,59886,48,9,9
2648,2,2,60477,116,9,9
2649,2,2,60693,87,9,9
2650,2,0,60763,132,9,9
2651,2,2,60808,157,9,9
2652,2,3,60900,119,9,9
2653,2,1,60956,124,9,9
2654,2,2,61156,64,9,9
2655,2,0,61228,94,9,9
2656,2,3,61290,96,9,9
2657,2,2,61358,88,9,9
2658,2,1,61542,46,9,9
2659,2,2,61775,49,9,9
2660,2,3,61897,51,9,9
2661,2,0,62131,72,9,9
2662,2,1,62297,103,9,9
2663,2,2,62453,85,9,9
2664,2,0,62634,49,9,9
2665,2,3,62857,53,9,9
2666,2,0,63459,48,9,9
2667,2,3,63583,68,9,9
2668,2,2,64119,62,9,9
2669,2,1,64195,51,9,9
2670,2,2,64251,65,9,9
2671,2,0,64307,66,9,9
2672,2,3,64633,53,9,9
2673,2,2,64760,50,9,9
2674,2,0,64812,57,9,9
2675,2,1,65162,42,9,9
2676,2,2,65378,49,9,9
2677,2,3,65456,67,9,9
2678,2,0,65615,84,9,9
2679,2,1,65844,46,9,9
2680,2,2,65904,45,9,9
2681,2,1,66201,47,9,9
2682,2,0,66269,43,9,9
2683,2,2,66555,46,9,9
2684,2,1,66857,65,9,9
2685,2,3,67217,63,9,9
2686,2,0,67519,72,9,9
2687,2,1,67619,92,9,9
2688,2,2,67730,55,9,9
2689,2,0,67791,66,9,9
2690,2,1,68072,42,9,9
2691,2,2,68183,76,9,9
2692,2,0,68246,72,9,9
2693,2,0,68267,66,9,9
2694,2,2,68798,47,9,9
2695,2,2,68808,66,9,9
2696,2,1,68887,44,9,9
2697,2,0,68959,68,9,9
2698,2,3,69017,61,9,9
2699,2,2,69326,46,9,9
2700,2,0,69380,126,9,9
2701,2,1,69948,74,9,9
2702,2,2,70028,81,9,9
2703,2,0,70087,91,9,9
2704,2,3,70154,99,9,9
2705,2,1,70246,73,9,9
2706,2,0,70301,68,9,9
2707,2,2,70361,61,9,9
2708,2,0,70808,71,9,9
2709,2,3,70960,51,9,9
2710,2,1,71030,63,9,9
2711,2,2,71103,59,9,9
2712,2,0,71639,61,9,9
2713,2,1,71682,79,9,9
2714,2,2,71949,48,9,9
2715,2,3,72325,42,9,9
2716,2,1,72398,66,9,9
2717,2,0,72463,76,9,9
2718,2,2,72532,89,9,9
2719,2,1,72725,74,9,9
2720,2,0,72790,87,9,9
2721,2,2,72850,79,9,9
2722,2,1,73040,71,9,9
2723,2,2,73434,52,9,9
2724,2,0,73518,51,9,9
2725,2,3,73543,100,9,9
2726,2,1,73643,79,9,9
2727,2,2,74130,47,9,9
2728,2,0,74259,69,9,9
2729,2,1,74575,54,9,9
2730,2,0,74641,78,9,9
2731,2,3,74678,155,9,9
2732,2,1,74785,117,9,9
2733,2,2,75097,63,9,9
2734,2,1,75236,101,9,9
2735,2,0,75300,114,9,9
2736,2,1,75377,81,9,9
2737,2,0,75446,82,9,9
2738,2,3,75616,54,9,9
2739,2,2,75637,93,9,9
2740,2,0,75772,44,9,9
2741,2,1,76199,64,9,9
2742,2,0,76731,89,9,9
2743,2,2,76768,117,9,9
2744,2,1,76897,143,9,9
2745,2,0,76992,142,9,9
2746,2,2,77143,78,9,9
2747,2,3,77223,60,9,9
2748,2,1,77455,45,9,9
2749,2,2,77557,55,9,9
2750,2,0,77640,170,9,9
2751,2,2,78242,145,9,9
2752,2,3,78390,106,9,9
2753,2,0,78645,58,9,9
2754,2,1,78727,218,9,9
2755,2,1,79080,75,9,9
2756,2,2,79128,132,9,9
2757,2,0,79279,88,9,9
2758,2,2,79345,75,9,9
2759,2,1,79411,108,9,9
2760,2,3,79486,110,9,9
2761,2,0,79584,71,9,9
2762,2,2,79963,45,9,9
2763,2,1,80010,88,9,9
2764,2,0,80089,85,9,9
2765,2,2,80529,40,9,9
2766,2,0,80563,95,9,9
2767,2,3,80678,66,9,9
2768,2,1,80885,56,9,9
2769,2,0,81386,66,9,9
2770,2,1,81471,100,9,9
2771,2,0,81544,66,9,9
2772,2,0,81550,66,9,9
2773,2,2,81611,119,9,9
2774,2,2,81683,122,9,9
2775,2,1,81749,97,9,9
2776,2,3,81820,106,9,9
2777,2,0,81884,124,9,9
2778,2,2,82172,52,9,9
2779,2,1,82329,52,9,9
2780,2,0,82409,81,9,9
2781,2,1,82926,45,9,9
2782,2,2,83009,105,9,9
2783,2,0,83100,64,9,9
2784,2,3,83170,81,9,9
2785,2,2,83230,61,9,9
2786,2,0,83838,60,9,9
2787,2,1,83900,105,9,9
2788,2,2,83960,89,9,9
2789,2,0,84317,91,9,9
2790,2,1,84447,83,9,9
2791,2,3,84606,75,9,9
2792,2,2,84710,53,9,9
2793,2,0,84986,68,9,9
2794,2,1,85044,53,9,9
2795,2,2,85066,87,9,9
2796,2,3,85153,71,9,9
2797,2,2,85493,142,9,9
2798,2,2,85566,107,9,9
2799,2,2,85806,85,9,9
2800,2,1,85863,71,9,9
2801,2,2,85923,75,9,9
2802,2,0,85998,62,9,9
2803,2,3,86282,44,9,9
2804,2,1,86348,45,9,9
2805,2,2,36,56,9,9
2806,2,0,106,61,9,9
2807,2,2,382,45,9,9
2808,2,1,624,54,9,9
2809,2,0,792,46,9,9
2810,2,3,1199,49,9,9
2811,2,2,1406,79,9,9
2812,2,0,1538,92,9,9
2813,2,1,1596,86,9,9
2814,2,0,1893,47,9,9
2815,2,1,1967,56,9,9
2816,2,2,2051,53,9,9
2817,2,3,2216,54,9,9
2818,2,0,2381,80,9,9
2819,2,1,2576,84,9,9
2820,2,2,2914,48,9,9
2821,2,0,3104,55,9,9
2822,2,3,3316,44,9,9
2823,2,1,3579,52,9,9
2824,2,2,3642,65,9,9
2825,2,0,3731,69,9,9
2826,2,1,4368,62,9,9
2827,2,0,4441,61,9,9
2828,2,3,4706,82,9,9
2829,2,1,4781,53,9,9
2830,2,0,4840,66,9,9
2831,2,2,5256,45,9,9
2832,2,1,5714,110,9,9
2833,2,0,5951,99,9,9
2834,2,2,6062,150,9,9
2835,2,1,6162,118,9,9
2836,2,3,6285,65,9,9
2837,2,0,6397,89,9,9
2838,2,1,6747,48,9,9
2839,2,2,6819,62,9,9
2840,2,0,7434,67,9,9
2841,2,1,7473,88,9,9
2842,2,0,7619,46,9,9
2843,2,2,7741,45,9,9
2844,2,1,8077,44,9,9
2845,2,3,8190,51,9,9
2846,2,2,8298,55,9,9
2847,2,0,8352,61,9,9
2848,2,1,8603,72,9,9
2849,2,2,8732,45,9,9
2850,2,2,9074,45,9,9
2851,2,0,9169,60,9,9
2852,2,3,9232,68,9,9
2853,2,1,9669,81,9,9
2854,2,1,9958,47,9,9
2855,2,0,10043,48,9,9
2856,2,1,10327,120,9,9
2857,2,2,10447,89,9,9
2858,2,1,10497,95,9,9
2859,2,0,10578,78,9,9
2860,2,1,10683,58,9,9
2861,2,3,10914,69,9,9
2862,2,0,11271,102,9,9
2863,2,2,11322,105,9,9
2864,2,1,11385,94,9,9
2865,2,2,11543,37,9,9
2866,2,3,11906,77,9,9
2867,2,0,12025,49,9,9
2868,2,1,12060,87,9,9
2869,2,1,12668,43,9,9
2870,2,0,12813,62,9,9
2871,2,3,13225,61,9,9
2872,2,2,13280,80,9,9
2873,2,0,13482,52,9,9
2874,2,1,13602,63,9,9
2875,2,2,13968,48,9,9
2876,2,1,14348,60,9,9
2877,2,3,14401,58,9,9
2878,2,0,14934,54,9,9
2879,2,1,14968,84,9,9
2880,2,2,15040,64,9,9
2881,2,1,15089,56,9,9
2882,2,0,15210,59,9,9
2883,2,2,15352,45,9,9
2884,2,1,15426,68,9,9
2885,2,0,15762,57,9,9
2886,2,3,15867,57,9,9
2887,2,1,16055,48,9,9
2888,2,2,16134,43,9,9
2889,2,0,16260,49,9,9
2890,2,1,16493,55,9,9
2891,2,3,16601,54,9,9
2892,2,1,16885,44,9,9
2893,2,0,17200,51,9,9
2894,2,2,34821,97,9,10
2895,2,1,35011,96,9,10
2896,2,2,35130,91,9,10
2897,2,0,35528,96,9,10
2898,2,1,35628,204,9,10
2899,2,2,36509,90,9,10
2900,2,0,36599,90,9,10
2901,2,1,36605,90,9,10
2902,2,0,36675,119,9,10
2903,2,1,36758,100,9,10
2904,2,1,36813,108,9,10
2905,2,2,36906,92,9,10
2906,2,0,37222,99,9,10
2907,2,2,37363,97,9,10
2908,2,1,37514,121,9,10
2909,2,0,37840,100,9,10
2910,2,2,37904,90,9,10
2911,2,1,38278,99,9,10
2912,2,2,38808,104,9,10
2913,2,0,38848,91,9,10
2914,2,1,39262,100,9,10
2915,2,2,39486,91,9,10
2916,2,0,39790,100,9,10
2917,2,1,39981,104,9,10
2918,2,2,40177,90,9,10
2919,2,0,40438,112,9,10
2920,2,1,40899,94,9,10
2921,2,1,41243,104,9,10
2922,2,2,41298,99,9,10
2923,2,0,41483,194,9,10
2924,2,1,41541,174,9,10
2925,2,0,41883,91,9,10
2926,2,2,41946,92,9,10
2927,2,1,42106,105,9,10
2928,2,0,42504,111,9,10
2929,2,1,42567,107,9,10
2930,2,0,42618,104,9,10
2931,2,2,43195,118,9,10
2932,2,0,43528,108,9,10
2933,2,1,43590,99,9,10
2934,2,0,43849,98,9,10
2935,2,1,44484,124,9,10
2936,2,0,44537,132,9,10
2937,2,2,45159,105,9,10
2938,2,1,45347,99,9,10
2939,2,1,45467,88,9,10
2940,2,2,45602,98,9,10
2941,2,0,45738,108,9,10
2942,2,1,45836,85,9,10
2943,2,2,45968,105,9,10
2944,2,0,46175,108,9,10
2945,2,1,46416,87,9,10
2946,2,2,46869,98,9,10
2947,2,0,46991,93,9,10
2948,2,0,47243,91,9,10
2949,2,1,47586,106,9,10
2950,2,0,47841,128,9,10
2951,2,1,48591,88,9,10
2952,2,0,48736,113,9,10
2953,2,2,48820,106,9,10
2954,2,1,49113,124,9,10
2955,2,2,49379,105,9,10
2956,2,0,49495,122,9,10
2957,2,1,49689,113,9,10
2958,2,2,49854,95,9,10
2959,2,0,49903,107,9,10
2960,2,2,50370,93,9,10
2961,2,1,50417,105,9,10
2962,2,0,50664,167,9,10
2963,2,1,50924,101,9,10
2964,2,0,51082,88,9,10
2965,2,2,51515,96,9,10
2966,2,1,51669,84,9,10
2967,2,0,51718,84,9,10
2968,2,2,52278,96,9,10
2969,2,1,52357,117,9,10
2970,2,0,52702,112,9,10
2971,2,1,53118,110,9,10
2972,2,2,53174,125,9,10
2973,2,0,53516,109,9,10
2974,2,1,53619,100,9,10
2975,2,2,53906,153,9,10
2976,2,0,54105,130,9,10
2977,2,1,54282,101,9,10
2978,2,1,54579,168,9,10
2979,2,2,54694,123,9,10
2980,2,0,54767,122,9,10
2981,2,2,54871,91,9,10
2982,2,0,55251,107,9,10
2983,2,1,55153,283,9,10
2984,2,2,55452,85,9,10
2985,2,1,55814,118,9,10
2986,2,2,55991,104,9,10
2987,2,1,56133,99,9,10
2988,2,2,56177,109,9,10
2989,2,0,56538,98,9,10
2990,2,0,56609,147,9,10
2991,2,1,56669,117,9,10
2992,2,2,56742,110,9,10
2993,2,1,57081,107,9,10
2994,2,0,57212,105,9,10
2995,2,2,57302,98,9,10
2996,2,1,57563,105,9,10
2997,2,2,58244,90,9,10
2998,2,0,58349,76,9,10
2999,2,1,58750,95,9,10
3000,2,0,59350,109,9,10
3001,2,2,59413,109,9,10
3002,2,1,59549,84,9,10
3003,2,2,59784,97,9,10
3004,2,2,59861,89,9,10
3005,2,1,59990,93,9,10
3006,2,2,60685,108,9,10
3007,2,2,60898,95,9,10
3008,2,0,60972,119,9,10
3009,2,2,61029,131,9,10
3010,2,1,61153,104,9,10
3011,2,2,61308,102,9,10
3012,2,0,61398,113,9,10
3013,2,2,61508,92,9,10
3014,2,1,61647,86,9,10
3015,2,2,61880,90,9,10
3016,2,0,62275,96,9,10
3017,2,1,62475,111,9,10
3018,2,2,62637,98,9,10
3019,2,0,62747,93,9,10
3020,2,0,63594,96,9,10
3021,2,2,64261,108,9,10
3022,2,1,64314,98,9,10
3023,2,2,64386,111,9,10
3024,2,0,64434,116,9,10
3025,2,2,64890,79,9,10
3026,2,0,64937,88,9,10
3027,2,1,65272,87,9,10
3028,2,2,65492,96,9,10
3029,2,0,65769,90,9,10
3030,2,1,65949,95,9,10
3031,2,2,66016,92,9,10
3032,2,1,66308,88,9,10
3033,2,0,66368,77,9,10
3034,2,2,66683,89,9,10
3035,2,1,66989,76,9,10
3036,2,0,67652,107,9,10
3037,2,1,67783,106,9,10
3038,2,2,67862,103,9,10
3039,2,0,67913,97,9,10
3040,2,1,68173,83,9,10
3041,2,2,68341,114,9,10
3042,2,0,68390,121,9,10
3043,2,2,68923,107,9,10
3044,2,1,69004,86,9,10
3045,2,0,69088,101,9,10
3046,2,2,69525,96,9,10
3047,2,0,69588,182,9,10
3048,2,1,70104,97,9,10
3049,2,2,70191,107,9,10
3050,2,0,70259,81,9,10
3051,2,1,70382,88,9,10
3052,2,0,70434,94,9,10
3053,2,2,70500,99,9,10
3054,2,0,70973,78,9,10
3055,2,1,71157,87,9,10
3056,2,2,71317,94,9,10
3057,2,0,71783,83,9,10
3058,2,1,71838,88,9,10
3059,2,2,72079,84,9,10
3060,2,1,72547,87,9,10
3061,2,0,72613,98,9,10
3062,2,2,72719,103,9,10
3063,2,1,72869,101,9,10
3064,2,0,72948,100,9,10
3065,2,2,72996,106,9,10
3066,2,1,73175,81,9,10
3067,2,2,73575,86,9,10
3068,2,0,73646,89,9,10
3069,2,1,73789,106,9,10
3070,2,2,74270,88,9,10
3071,2,0,74425,94,9,10
3072,2,1,74705,95,9,10
3073,2,0,74844,99,9,10
3074,2,1,74968,89,9,10
3075,2,2,75349,116,9,10
3076,2,1,75408,159,9,10
3077,2,0,75480,169,9,10
3078,2,1,75535,179,9,10
3079,2,0,75592,172,9,10
3080,2,2,75813,76,9,10
3081,2,0,75874,84,9,10
3082,2,1,76360,81,9,10
3083,2,0,76950,103,9,10
3084,2,2,77040,98,9,10
3085,2,1,77134,139,9,10
3086,2,0,77232,146,9,10
3087,2,2,77304,177,9,10
3088,2,1,77575,90,9,10
3089,2,2,77775,89,9,10
3090,2,0,77882,103,9,10
3091,2,2,78507,104,9,10
3092,2,0,78948,87,9,10
3093,2,1,79049,131,9,10
3094,2,1,79264,96,9,10
3095,2,2,79365,95,9,10
3096,2,0,79462,177,9,10
3097,2,2,79523,157,9,10
3098,2,1,79588,190,9,10
3099,2,0,79743,128,9,10
3100,2,2,80102,84,9,10
3101,2,1,80166,93,9,10
3102,2,0,80239,96,9,10
3103,2,2,80652,87,9,10
3104,2,0,80755,89,9,10
3105,2,1,81039,81,9,10
3106,2,0,81534,86,9,10
3107,2,0,81566,108,9,10
3108,2,1,81658,109,9,10
3109,2,0,81692,86,9,10
3110,2,0,81698,86,9,10
3111,2,0,81731,134,9,10
3112,2,2,81799,131,9,10
3113,2,2,81886,110,9,10
3114,2,1,81934,106,9,10
3115,2,0,82080,88,9,10
3116,2,2,82324,85,9,10
3117,2,1,82451,97,9,10
3118,2,0,82555,98,9,10
3119,2,1,83122,88,9,10
3120,2,2,83198,96,9,10
3121,2,0,83256,113,9,10
3122,2,2,83382,83,9,10
3123,2,0,84001,109,9,10
3124,2,1,84098,113,9,10
3125,2,2,84153,101,9,10
3126,2,0,84483,98,9,10
3127,2,1,84605,102,9,10
3128,2,2,84837,97,9,10
3129,2,0,85140,99,9,10
3130,2,1,85182,90,9,10
3131,2,2,85228,122,9,10
3132,2,2,85697,187,9,10
3133,2,2,85755,182,9,10
3134,2,2,85961,141,9,10
3135,2,1,86007,152,9,10
3136,2,2,86051,160,9,10
3137,2,0,86121,135,9,10
3138,2,1,56,81,9,10
3139,2,2,153,91,9,10
3140,2,0,237,97,9,10
3141,2,2,487,86,9,10
3142,2,1,773,90,9,10
3143,2,0,908,83,9,10
3144,2,2,1571,86,9,10
3145,2,0,1696,103,9,10
3146,2,1,1738,123,9,10
3147,2,0,2002,87,9,10
3148,2,1,2078,90,9,10
3149,2,2,2166,92,9,10
3150,2,0,2521,99,9,10
3151,2,1,2723,107,9,10
3152,2,2,3022,86,9,10
3153,2,0,3213,78,9,10
3154,2,1,3712,92,9,10
3155,2,2,3765,98,9,10
3156,2,0,3856,90,9,10
3157,2,1,4505,103,9,10
3158,2,0,4564,107,9,10
3159,2,1,4899,87,9,10
3160,2,0,4964,94,9,10
3161,2,2,5361,85,9,10
3162,2,1,5883,82,9,10
3163,2,0,6140,98,9,10
3164,2,2,6295,115,9,10
3165,2,1,6339,134,9,10
3166,2,0,6549,110,9,10
3167,2,1,6855,99,9,10
3168,2,2,6948,93,9,10
3169,2,0,7574,111,9,10
3170,2,1,7620,134,9,10
3171,2,0,7718,86,9,10
3172,2,2,7841,93,9,10
3173,2,1,8178,78,9,10
3174,2,2,8419,99,9,10
3175,2,0,8483,88,9,10
3176,2,1,8731,87,9,10
3177,2,2,8827,90,9,10
3178,2,2,9175,90,9,10
3179,2,0,9295,94,9,10
3180,2,1,9826,112,9,10
3181,2,1,10060,84,9,10
3182,2,0,10152,85,9,10
3183,2,1,10543,150,9,10
3184,2,2,10609,146,9,10
3185,2,1,10648,152,9,10
3186,2,0,10723,181,9,10
3187,2,1,10793,162,9,10
3188,2,0,11445,114,9,10
3189,2,2,11487,128,9,10
3190,2,1,11540,122,9,10
3191,2,2,11630,84,9,10
3192,2,0,12142,98,9,10
3193,2,1,12198,114,9,10
3194,2,1,12764,76,9,10
3195,2,0,12935,94,9,10
3196,2,2,13443,96,9,10
3197,2,0,13587,90,9,10
3198,2,1,13720,81,9,10
3199,2,2,14072,91,9,10
3200,2,1,14472,98,9,10
3201,2,0,15059,110,9,10
3202,2,1,15120,102,9,10
3203,2,2,15168,107,9,10
3204,2,1,15204,124,9,10
3205,2,0,15323,90,9,10
3206,2,2,15453,84,9,10
3207,2,1,15608,94,9,10
3208,2,0,15871,81,9,10
3209,2,1,16159,92,9,10
3210,2,2,16231,94,9,10
3211,2,0,16356,110,9,10
3212,2,1,16598,94,9,10
3213,2,1,16985,76,9,10
3214,2,0,17310,101,9,10
3215,2,0,36197,135,9,11
3216,2,0,36544,96,9,11
3217,2,0,36836,119,9,11
3218,2,0,37367,95,9,11
3219,2,0,37987,105,9,11
3220,2,0,39017,121,9,11
3221,2,0,39942,106,9,11
3222,2,0,40598,94,9,11
3223,2,0,41733,108,9,11
3224,2,0,42021,103,9,11
3225,2,0,42666,108,9,11
3226,2,0,42771,91,9,11
3227,2,0,43690,111,9,11
3228,2,0,43995,111,9,11
3229,2,0,44721,109,9,11
3230,2,0,45895,107,9,11
3231,2,0,46347,118,9,11
3232,2,0,47132,114,9,11
3233,2,0,47383,108,9,11
3234,2,0,48017,119,9,11
3235,2,0,48896,103,9,11
3236,2,0,49674,108,9,11
3237,2,0,50063,96,9,11
3238,2,0,50895,109,9,11
3239,2,0,51227,78,9,11
3240,2,0,51866,95,9,11
3241,2,0,52872,120,9,11
3242,2,0,53687,104,9,11
3243,2,0,54291,127,9,11
3244,2,0,54942,198,9,11
3245,2,0,55407,64,9,11
3246,2,0,56690,107,9,11
3247,2,0,56790,156,9,11
3248,2,0,57361,109,9,11
3249,2,0,58478,79,9,11
3250,2,0,59521,124,9,11
3251,2,0,61152,115,9,11
3252,2,0,61565,120,9,11
3253,2,0,62422,114,9,11
3254,2,0,62897,102,9,11
3255,2,0,63747,105,9,11
3256,2,0,64606,138,9,11
3257,2,0,65071,91,9,11
3258,2,0,65917,104,9,11
3259,2,0,66505,61,9,11
3260,2,0,67817,109,9,11
3261,2,0,68072,117,9,11
3262,2,0,68576,105,9,11
3263,2,0,69238,99,9,11
3264,2,0,69832,124,9,11
3265,2,0,70415,109,9,11
3266,2,0,70581,92,9,11
3267,2,0,71122,85,9,11
3268,2,0,71928,105,9,11
3269,2,0,72786,101,9,11
3270,2,0,73102,107,9,11
3271,2,0,73788,89,9,11
3272,2,0,74607,114,9,11
3273,2,0,75012,117,9,11
3274,2,0,75710,107,9,11
3275,2,0,75812,115,9,11
3276,2,0,76009,92,9,11
3277,2,0,77165,113,9,11
3278,2,0,77473,100,9,11
3279,2,0,78061,112,9,11
3280,2,0,79177,89,9,11
3281,2,0,79723,111,9,11
3282,2,0,79934,130,9,11
3283,2,0,80395,91,9,11
3284,2,0,80931,104,9,11
3285,2,0,81752,132,9,11
3286,2,0,81922,114,9,11
3287,2,0,82223,94,9,11
3288,2,0,82712,98,9,11
3289,2,0,83426,101,9,11
3290,2,0,84201,102,9,11
3291,2,0,84637,108,9,11
3292,2,0,85316,108,9,11
3293,2,0,86303,145,9,11
3294,2,0,387,106,9,11
3295,2,0,1041,97,9,11
3296,2,0,1856,123,9,11
3297,2,0,2134,98,9,11
3298,2,0,2672,103,9,11
3299,2,0,3338,93,9,11
3300,2,0,3998,113,9,11
3301,2,0,4732,98,9,11
3302,2,0,5117,97,9,11
3303,2,0,6307,125,9,11
3304,2,0,6718,106,9,11
3305,2,0,7753,118,9,11
3306,2,0,7854,109,9,11
3307,2,0,8632,91,9,11
3308,2,0,9447,104,9,11
3309,2,0,10288,96,9,11
3310,2,0,10949,144,9,11
3311,2,0,11620,115,9,11
3312,2,0,12307,87,9,11
3313,2,0,13076,105,9,11
3314,2,0,13727,94,9,11
3315,2,0,15243,111,9,11
3316,2,0,15457,135,9,11
3317,2,0,15997,94,9,11
3318,2,0,16509,80,9,11
3319,2,0,17458,75,9,11
