,time_predict,time_actual,diff
0,99.69,107,7.31
1,99.4,119,19.6
2,99.09,99,-0.09
3,98.76,105,6.24
4,98.26,99,0.74
5,97.95,101,3.05
6,97.61,98,0.39
7,97.39,102,4.61
8,97.1,117,19.9
9,96.92,107,10.08
10,96.77,111,14.23
11,96.65,104,7.35
12,96.53,134,37.47
13,96.48,109,12.52
14,96.43,89,-7.43
15,96.4,110,13.6
16,96.35,114,17.65
17,96.32,131,34.68
18,96.29,99,2.71
19,96.27,97,0.73
20,96.27,101,4.73
21,96.29,155,58.71
22,96.31,96,-0.31
23,96.35,147,50.65
24,96.38,101,4.62
25,96.49,102,5.51
26,96.57,94,-2.57
27,96.64,99,2.36
28,96.81,109,12.19
29,96.84,81,-15.84
30,96.91,191,94.09
31,96.99,136,39.01
32,97.08,94,-3.08
33,97.24,151,53.76
34,97.38,105,7.62
35,97.47,123,25.53
36,97.53,86,-11.53
37,97.57,94,-3.57
38,97.64,128,30.36
39,97.76,149,51.24
40,97.82,106,8.18
41,97.84,103,5.16
42,97.89,94,-3.89
43,97.97,131,33.03
44,98.14,111,12.86
45,98.16,143,44.84
46,98.19,156,57.81
47,98.25,139,40.75
48,98.31,89,-9.31
49,98.33,147,48.67
50,98.35,109,10.65
51,98.37,108,9.63
52,98.39,87,-11.39
53,98.41,105,6.59
54,98.43,141,42.57
55,98.45,94,-4.45
56,98.45,160,61.55
57,98.45,111,12.55
58,98.45,103,4.55
59,98.44,113,14.56
60,98.42,109,10.58
61,98.4,105,6.6
62,98.35,91,-7.35
63,98.34,108,9.66
64,98.29,102,3.71
65,98.24,161,62.76
66,98.23,166,67.77
67,98.18,87,-11.18
68,98.13,103,4.87
69,98.04,99,0.96
70,98.01,105,6.99
71,97.95,154,56.05
72,97.86,111,13.14
73,97.82,90,-7.82
74,97.75,119,21.25
75,97.68,120,22.32
76,97.59,107,9.41
77,97.54,96,-1.54
78,97.46,148,50.54
79,97.41,132,34.59
80,97.35,89,-8.35
81,97.28,131,33.72
82,97.22,120,22.78
83,97.19,138,40.81
84,97.14,125,27.86
85,97.11,98,0.89
86,97.05,113,15.95
87,97.0,84,-13.0
88,96.95,90,-6.95
89,96.89,146,49.11
90,96.84,124,27.16
91,96.8,107,10.2
92,96.76,107,10.24
93,96.69,115,18.31
94,100.7,123,22.3
95,100.73,140,39.27
96,100.78,130,29.22
97,100.83,101,0.17
98,100.88,120,19.12
99,100.93,121,20.07
100,100.98,102,1.02
101,101.11,100,-1.11
102,101.22,123,21.78
103,101.29,105,3.71
104,101.35,128,26.65
105,101.44,95,-6.44
106,101.51,106,4.49
107,101.63,121,19.37
108,101.64,239,137.36
109,101.66,169,67.34
110,101.74,130,28.26
111,101.85,102,0.15
112,101.92,76,-25.92
113,101.98,99,-2.98
114,102.07,103,0.93
115,102.14,106,3.86
116,102.23,149,46.77
117,102.29,73,-29.29
118,102.34,69,-33.34
119,102.43,115,12.57
120,102.48,82,-20.48
121,103.64,120,16.36
122,102.84,134,31.16
123,103.49,121,17.51
124,102.6,102,-0.6
125,103.28,116,12.72
126,102.44,137,34.56
127,102.35,97,-5.35
128,102.34,144,41.66
129,103.01,100,-3.01
130,102.08,100,-2.08
131,101.99,99,-2.99
132,102.69,136,33.31
133,101.76,141,39.24
134,102.34,103,0.66
135,101.39,112,10.61
136,101.32,100,-1.32
137,102.0,109,7.0
138,101.08,99,-2.08
139,101.0,113,12.0
140,101.68,149,47.32
141,100.7,132,31.3
142,100.77,131,30.23
143,100.66,90,-10.66
144,101.5,102,0.5
145,100.5,109,8.5
146,101.31,180,78.69
147,100.37,149,48.63
148,100.21,171,70.79
149,101.12,135,33.88
150,100.03,136,35.97
151,100.15,130,29.85
152,99.91,144,44.09
153,101.0,161,60.0
154,100.97,95,-5.97
155,99.97,117,17.03
156,99.79,132,32.21
157,99.93,95,-4.93
158,100.89,151,50.11
159,100.84,92,-8.84
160,99.67,106,6.33
161,99.81,141,41.19
162,99.63,135,35.37
163,99.59,117,17.41
164,100.76,133,32.24
165,99.72,137,37.28
166,99.55,170,70.45
167,100.72,116,15.28
168,99.5,137,37.5
169,99.63,105,5.37
170,99.47,116,16.53
171,100.68,129,28.32
172,100.67,93,-7.67
173,99.44,125,25.56
174,99.59,131,31.41
175,100.64,92,-8.64
176,99.41,96,-3.41
177,99.55,95,-4.55
178,99.4,111,11.6
179,99.52,96,-3.52
180,99.4,104,4.6
181,99.41,106,6.59
182,100.56,113,12.44
183,99.51,170,70.49
184,99.52,181,81.48
185,99.43,225,125.57
186,99.45,125,25.55
187,99.53,112,12.47
188,100.55,111,10.45
189,99.55,124,24.45
190,100.55,183,82.45
191,99.52,107,7.48
192,100.57,123,22.43
193,99.58,137,37.42
194,99.63,94,-5.63
195,100.59,132,31.41
196,99.64,105,5.36
197,99.66,148,48.34
198,100.62,104,3.38
199,99.71,122,22.29
200,99.78,126,26.22
201,99.8,129,29.2
202,100.73,133,32.27
203,100.74,201,100.26
204,99.87,269,169.13
205,100.76,154,53.24
206,99.9,107,7.1
207,99.92,146,46.08
208,99.95,151,51.05
209,100.84,169,68.16
210,99.99,142,42.01
211,99.99,132,32.01
212,100.91,117,16.09
213,100.93,149,48.07
214,100.95,140,39.05
215,100.1,122,21.9
216,100.1,124,23.9
217,100.97,138,37.03
218,100.12,114,13.88
219,101.02,101,-0.02
220,100.21,96,-4.21
221,100.22,133,32.78
222,100.27,121,20.73
223,101.14,184,82.86
224,100.27,148,47.73
225,101.18,112,10.82
226,100.31,99,-1.31
227,100.34,128,27.66
228,101.22,219,117.78
229,100.33,257,156.67
230,101.25,101,-0.25
231,100.39,113,12.61
232,100.37,118,17.63
233,101.28,113,11.72
234,100.42,225,124.58
235,101.31,110,8.69
236,100.45,115,14.55
237,100.43,113,12.57
238,100.47,210,109.53
239,101.34,180,78.66
240,100.46,160,59.54
241,100.46,112,11.54
242,100.49,85,-15.49
243,101.35,224,122.65
244,100.48,102,1.52
245,101.35,90,-11.35
246,100.51,139,38.49
247,100.52,97,-3.52
248,100.5,127,26.5
249,101.36,144,42.64
250,100.53,106,5.47
251,101.35,130,28.65
252,101.35,116,14.65
253,100.54,120,19.46
254,101.34,146,44.66
255,100.52,155,54.48
256,100.54,260,159.46
257,101.32,207,105.68
258,100.52,212,111.48
259,100.54,121,20.46
260,100.52,128,27.48
261,101.3,111,9.7
262,100.52,163,62.48
263,100.52,130,29.48
264,101.25,141,39.75
265,100.51,217,116.49
266,100.52,119,18.48
267,100.51,127,26.49
268,100.5,114,13.5
269,101.18,98,-3.18
270,101.16,103,1.84
271,100.49,176,75.51
272,100.48,89,-11.48
273,100.48,120,19.52
274,101.12,258,156.88
275,100.46,100,-0.46
276,101.07,136,34.93
277,100.44,108,7.56
278,100.44,127,26.56
279,100.43,99,-1.43
280,101.01,165,63.99
281,100.41,107,6.59
282,100.95,81,-19.95
283,100.38,92,-8.38
284,100.37,112,11.63
285,100.88,98,-2.88
286,100.34,141,40.66
287,100.31,118,17.69
288,100.28,170,69.72
289,100.76,210,109.24
290,100.27,289,188.73
291,100.29,345,244.71
292,100.74,351,250.26
293,100.22,126,25.78
294,100.68,130,29.32
295,100.2,98,-2.2
296,100.21,108,7.79
297,100.58,88,-12.58
298,100.12,152,51.88
299,100.54,151,50.46
300,100.16,165,64.84
301,100.07,123,22.93
302,100.12,203,102.88
303,100.46,115,14.54
304,100.0,114,14.0
305,100.07,140,39.93
306,100.3,125,24.7
307,99.99,139,39.01
308,99.86,102,2.14
309,100.24,169,68.76
310,99.83,131,31.17
311,99.93,136,36.07
312,100.2,234,133.8
313,99.74,127,27.26
314,99.8,105,5.2
315,99.64,170,70.36
316,100.02,166,65.98
317,99.62,165,65.38
318,99.73,123,23.27
319,99.95,87,-12.95
320,99.54,82,-17.54
321,99.63,87,-12.63
322,99.45,113,13.55
323,99.82,130,30.18
324,99.55,102,2.45
325,99.72,110,10.28
326,99.32,107,7.68
327,99.46,122,22.54
328,99.28,120,20.72
329,99.64,79,-20.64
330,99.32,98,-1.32
331,99.18,116,16.82
332,99.28,111,11.72
333,99.49,168,68.51
334,99.07,156,56.93
335,99.02,120,20.98
336,99.1,111,11.9
337,99.33,118,18.67
338,98.91,178,79.09
339,98.95,192,93.05
340,99.13,156,56.87
341,98.84,120,21.16
342,98.82,141,42.18
343,98.98,94,-4.98
344,98.69,135,36.31
345,98.95,155,56.05
346,98.7,139,40.3
347,98.56,88,-10.56
348,98.63,130,31.37
349,98.71,67,-31.71
350,98.32,130,31.68
351,98.52,196,97.48
352,98.17,91,-7.17
353,98.45,104,5.55
354,98.43,131,32.57
355,98.36,102,3.64
356,98.28,110,11.72
357,97.92,128,30.08
358,98.18,74,-24.18
359,97.77,102,4.23
360,98.25,128,29.75
361,97.98,97,-0.98
362,97.56,97,-0.56
363,98.15,111,12.85
364,97.5,86,-11.5
365,97.81,82,-15.81
366,98.1,106,7.9
367,97.41,130,32.59
368,97.62,106,8.38
369,98.01,137,38.99
370,97.19,99,1.81
371,97.96,137,39.04
372,97.41,115,17.59
373,96.97,100,3.03
374,97.84,142,44.16
375,96.91,144,47.09
376,97.17,144,46.83
377,97.76,81,-16.76
378,96.95,122,25.05
379,97.67,131,33.33
380,96.59,186,89.41
381,96.8,218,121.2
382,96.55,232,135.45
383,96.58,191,94.42
384,96.37,214,117.63
385,96.48,160,63.52
386,97.42,140,42.58
387,96.19,303,206.81
388,96.26,301,204.74
389,97.38,222,124.62
390,96.11,189,92.89
391,96.13,149,52.87
392,97.32,130,32.68
393,95.98,86,-9.98
394,95.82,125,29.18
395,97.21,125,27.79
396,100.88,111,10.12
397,97.92,118,20.08
398,97.64,145,47.36
399,100.96,128,27.04
400,98.13,169,70.87
401,101.08,171,69.92
402,97.98,76,-21.98
403,101.18,110,8.82
404,98.32,123,24.68
405,98.19,99,0.81
406,101.3,154,52.7
407,98.44,95,-3.44
408,98.37,87,-11.37
409,101.39,120,18.61
410,98.59,82,-16.59
411,101.56,114,12.44
412,98.69,144,45.31
413,98.8,193,94.2
414,98.84,94,-4.84
415,101.76,94,-7.76
416,99.03,135,35.97
417,99.05,181,81.95
418,99.19,88,-11.19
419,99.29,107,7.71
420,101.98,135,33.02
421,99.26,131,31.74
422,102.02,151,48.98
423,99.47,91,-8.47
424,102.12,119,16.88
425,99.46,104,4.54
426,99.78,136,36.22
427,102.23,122,19.77
428,99.64,95,-4.64
429,102.41,82,-20.41
430,99.79,118,18.21
431,100.24,113,12.76
432,102.5,127,24.5
433,102.53,140,37.47
434,99.98,85,-14.98
435,100.49,83,-17.49
436,100.18,118,17.82
437,102.75,121,18.25
438,100.81,128,27.19
439,102.78,125,22.22
440,100.3,135,34.7
441,102.81,186,83.19
442,101.03,83,-18.03
443,100.47,92,-8.47
444,102.94,122,19.06
445,101.27,97,-4.27
446,100.68,139,38.32
447,103.13,108,4.87
448,101.55,103,1.45
449,101.66,100,-1.66
450,100.94,104,3.06
451,103.26,86,-17.26
452,101.07,116,14.93
453,101.15,105,3.85
454,103.37,110,6.63
455,101.24,78,-23.24
456,102.15,118,15.85
457,103.52,133,29.48
458,102.29,102,-0.29
459,101.46,111,9.54
460,102.46,111,8.54
461,103.65,101,-2.65
462,101.82,146,44.18
463,102.73,114,11.27
464,103.81,109,5.19
465,101.96,95,-6.96
466,103.9,85,-18.9
467,102.15,86,-16.15
468,103.99,79,-24.99
469,103.05,147,43.95
470,102.31,119,16.69
471,103.17,133,29.83
472,103.2,132,28.8
473,102.48,110,7.52
474,104.14,100,-4.14
475,102.63,98,-4.63
476,104.23,96,-8.23
477,103.52,93,-10.52
478,66.24,58,-8.24
479,66.63,82,15.37
480,66.08,64,-2.08
481,66.26,61,-5.26
482,65.9,61,-4.9
483,66.25,56,-10.25
484,66.2,49,-17.2
485,66.0,73,7.0
486,65.63,58,-7.63
487,65.78,65,-0.78
488,65.84,55,-10.84
489,65.29,59,-6.29
490,65.45,62,-3.45
491,64.95,61,-3.95
492,65.28,67,1.72
493,65.03,61,-4.03
494,60.76,52,-8.76
495,64.58,55,-9.58
496,64.98,52,-12.98
497,64.71,56,-8.71
498,60.36,57,-3.36
499,60.36,57,-3.36
500,60.32,60,-0.32
501,64.21,64,-0.21
502,64.67,108,43.33
503,64.59,50,-14.59
504,64.04,65,0.96
505,64.21,107,42.79
506,60.08,54,-6.08
507,63.79,59,-4.79
508,64.29,72,7.71
509,59.91,85,25.09
510,63.89,68,4.11
511,63.58,60,-3.58
512,63.71,88,24.29
513,63.56,113,49.44
514,64.09,133,68.91
515,59.73,72,12.27
516,63.58,66,2.42
517,59.67,85,25.33
518,63.42,95,31.58
519,63.39,53,-10.39
520,59.63,57,-2.63
521,63.93,51,-12.93
522,63.47,63,-0.47
523,63.9,53,-10.9
524,59.58,61,1.42
525,63.29,75,11.71
526,59.55,69,9.45
527,63.23,55,-8.23
528,63.34,61,-2.34
529,63.8,68,4.2
530,63.3,59,-4.3
531,63.25,56,-7.25
532,59.46,57,-2.46
533,63.09,78,14.91
534,63.72,108,44.28
535,59.44,116,56.56
536,63.2,121,57.8
537,59.42,53,-6.42
538,63.04,53,-10.04
539,63.15,56,-7.15
540,63.66,57,-6.66
541,63.12,66,2.88
542,62.96,62,-0.96
543,62.94,59,-3.94
544,59.35,56,-3.35
545,63.08,55,-8.08
546,63.62,63,-0.62
547,62.9,58,-4.9
548,59.32,62,2.68
549,63.04,55,-8.04
550,63.59,62,-1.59
551,59.29,62,2.71
552,63.02,57,-6.02
553,59.26,78,18.74
554,63.57,61,-2.57
555,63.02,256,192.98
556,59.22,64,4.78
557,63.02,65,1.98
558,62.68,57,-5.68
559,63.57,75,11.43
560,63.57,95,31.43
561,63.03,69,5.97
562,59.17,87,27.83
563,63.04,67,3.96
564,63.58,60,-3.58
565,59.16,58,-1.16
566,62.61,59,-3.61
567,63.61,88,24.39
568,59.14,108,48.86
569,62.61,123,60.39
570,63.1,127,63.9
571,59.13,59,-0.13
572,62.59,81,18.41
573,63.15,51,-12.15
574,63.68,53,-10.68
575,62.59,57,-5.59
576,63.2,106,42.8
577,59.14,122,62.86
578,63.71,148,84.29
579,62.6,57,-5.6
580,59.15,73,13.85
581,63.75,52,-11.75
582,59.17,57,-2.17
583,63.34,56,-7.34
584,63.36,55,-8.36
585,59.21,70,10.79
586,62.68,64,1.32
587,62.68,146,83.32
588,59.24,197,137.76
589,63.46,219,155.54
590,62.7,212,149.3
591,63.95,182,118.05
592,63.5,160,96.5
593,59.31,50,-9.31
594,64.02,62,-2.02
595,62.77,77,14.23
596,63.57,111,47.43
597,64.05,67,2.95
598,62.83,57,-5.83
599,59.41,58,-1.41
600,62.86,75,12.14
601,62.88,84,21.12
602,63.7,90,26.3
603,64.18,106,41.82
604,62.91,129,66.09
605,63.72,142,78.28
606,59.47,163,103.53
607,62.96,59,-3.96
608,59.51,68,8.49
609,64.3,55,-9.3
610,63.84,64,0.16
611,59.6,64,4.4
612,64.37,68,3.63
613,63.12,53,-10.12
614,63.92,64,0.08
615,59.65,61,1.35
616,63.16,53,-10.16
617,63.96,61,-2.96
618,64.47,64,-0.47
619,59.7,82,22.3
620,63.23,114,50.77
621,64.01,47,-17.01
622,63.26,61,-2.26
623,59.73,75,15.27
624,64.53,68,3.47
625,64.05,85,20.95
626,59.75,54,-5.75
627,63.32,56,-7.32
628,64.57,88,23.43
629,59.77,57,-2.77
630,63.39,59,-4.39
631,64.61,53,-11.61
632,64.13,63,-1.13
633,59.78,57,-2.78
634,64.64,92,27.36
635,63.46,97,33.54
636,64.17,112,47.83
637,64.18,102,37.82
638,64.66,54,-10.66
639,59.79,62,2.21
640,63.51,47,-16.51
641,59.79,56,-3.79
642,64.21,60,-4.21
643,63.52,59,-4.52
644,64.69,67,2.31
645,64.7,53,-11.7
646,64.25,81,16.75
647,63.58,89,25.42
648,59.76,131,71.24
649,64.72,74,9.28
650,63.62,65,1.38
651,63.63,86,22.37
652,59.71,61,1.29
653,64.73,61,-3.73
654,63.65,74,10.35
655,64.31,87,22.69
656,64.74,124,59.26
657,59.63,132,72.37
658,63.68,145,81.32
659,64.32,138,73.68
660,64.74,106,41.26
661,64.32,92,27.68
662,63.7,64,0.3
663,64.33,56,-8.33
664,59.55,53,-6.55
665,59.54,57,-2.54
666,59.54,91,31.46
667,64.73,56,-8.73
668,63.71,54,-9.71
669,59.46,62,2.54
670,64.34,82,17.66
671,64.72,56,-8.72
672,64.72,62,-2.72
673,59.39,77,17.61
674,64.33,61,-3.33
675,59.35,107,47.65
676,63.71,63,-0.71
677,63.71,55,-8.71
678,64.33,76,11.67
679,64.68,71,6.32
680,64.32,54,-10.32
681,59.22,72,12.78
682,63.69,98,34.31
683,64.31,58,-6.31
684,59.15,61,1.85
685,63.67,56,-7.67
686,64.64,67,2.36
687,64.29,80,15.71
688,59.08,84,24.92
689,64.61,60,-4.61
690,63.64,207,143.36
691,64.26,178,113.74
692,58.99,178,119.01
693,63.62,53,-10.62
694,58.92,48,-10.92
695,64.56,54,-10.56
696,64.22,56,-8.22
697,63.58,55,-8.58
698,58.81,59,0.19
699,64.5,63,-1.5
700,64.15,53,-11.15
701,58.73,66,7.27
702,64.12,98,33.88
703,63.47,69,5.53
704,64.09,97,32.91
705,58.64,119,60.36
706,64.42,141,76.58
707,63.44,142,78.56
708,64.05,59,-5.05
709,63.42,85,21.58
710,64.03,64,-0.03
711,58.52,60,1.48
712,64.33,62,-2.33
713,63.34,55,-8.34
714,58.47,91,32.53
715,63.92,69,5.08
716,63.3,90,26.7
717,64.26,97,32.74
718,63.86,78,14.14
719,58.36,84,25.64
720,64.2,89,24.8
721,63.23,95,31.77
722,58.29,57,-1.29
723,63.77,69,5.23
724,64.13,129,64.87
725,58.19,62,3.81
726,63.07,66,2.93
727,64.02,60,-4.02
728,63.61,54,-9.61
729,63.0,81,18.0
730,63.58,69,5.42
731,63.94,71,7.06
732,58.09,87,28.91
733,62.94,67,4.06
734,63.46,53,-10.46
735,57.99,53,-4.99
736,63.76,66,2.24
737,63.35,85,21.65
738,62.75,63,0.25
739,63.31,63,-0.31
740,63.66,59,-4.66
741,57.89,64,6.11
742,62.69,72,9.31
743,63.24,48,-15.24
744,63.52,55,-8.52
745,57.82,84,26.18
746,63.14,71,7.86
747,62.53,60,-2.53
748,63.41,61,-2.41
749,57.73,58,0.27
750,62.42,86,23.58
751,62.99,89,26.01
752,63.28,88,24.72
753,62.94,57,-5.94
754,62.32,48,-14.32
755,57.64,53,-4.64
756,63.1,61,-2.1
757,62.81,67,4.19
758,63.03,49,-14.03
759,57.6,61,3.4
760,62.13,82,19.87
761,62.67,65,2.33
762,57.53,54,-3.53
763,62.62,97,34.38
764,62.79,115,52.21
765,61.97,124,62.03
766,57.46,52,-5.46
767,62.47,121,58.53
768,62.56,140,77.44
769,61.73,78,16.27
770,62.45,95,32.55
771,62.37,108,45.63
772,57.4,100,42.6
773,61.58,54,-7.58
774,62.26,133,70.74
775,61.55,205,143.45
776,57.34,171,113.66
777,62.21,179,116.79
778,62.13,76,13.87
779,57.31,55,-2.31
780,62.12,57,-5.12
781,61.37,60,-1.37
782,61.33,47,-14.33
783,61.85,65,3.15
784,57.24,79,21.76
785,61.95,66,4.05
786,61.71,66,4.29
787,61.87,62,0.13
788,57.19,58,0.81
789,61.05,58,-3.05
790,57.16,52,-5.16
791,61.75,58,-3.75
792,60.9,58,-2.9
793,60.84,43,-17.84
794,57.12,47,-10.12
795,61.31,53,-8.31
796,61.6,57,-4.6
797,60.65,61,0.35
798,57.06,68,10.94
799,61.13,66,4.87
800,61.48,61,-0.48
801,61.08,54,-7.08
802,60.52,53,-7.52
803,61.42,50,-11.42
804,57.02,58,0.98
805,60.99,76,15.01
806,60.35,52,-8.35
807,61.3,65,3.7
808,60.82,57,-3.82
809,56.95,51,-5.95
810,61.23,64,2.77
811,60.19,64,3.81
812,56.92,50,-6.92
813,60.65,61,0.35
814,61.12,60,-1.12
815,60.59,113,52.41
816,59.99,117,57.01
817,56.87,48,-8.87
818,61.05,50,-11.05
819,59.83,63,3.17
820,56.81,52,-4.81
821,60.94,91,30.06
822,59.68,66,6.32
823,60.31,57,-3.31
824,59.53,93,33.47
825,60.81,78,17.19
826,60.18,114,53.82
827,59.48,122,62.52
828,56.72,61,4.28
829,56.71,70,13.29
830,60.71,80,19.29
831,56.67,122,65.33
832,60.03,138,77.97
833,59.28,149,89.72
834,60.68,151,90.32
835,59.99,124,64.01
836,59.23,150,90.77
837,56.64,108,51.36
838,60.64,113,52.36
839,59.92,77,17.08
840,56.58,52,-4.58
841,59.03,67,7.97
842,60.55,60,-0.55
843,59.86,47,-12.86
844,61.29,51,-10.29
845,63.35,64,0.65
846,61.34,57,-4.34
847,59.51,52,-7.51
848,63.45,83,19.55
849,60.27,62,1.73
850,59.63,54,-5.63
851,60.46,57,-3.46
852,61.6,69,7.4
853,63.59,104,40.41
854,59.89,53,-6.89
855,63.69,66,2.31
856,61.8,58,-3.8
857,60.91,51,-9.91
858,60.18,57,-3.18
859,63.83,61,-2.83
860,61.93,65,3.07
861,60.39,55,-5.39
862,63.93,64,0.07
863,62.09,51,-11.09
864,61.34,64,2.66
865,64.11,54,-10.11
866,60.81,72,11.19
867,61.67,87,25.33
868,61.73,57,-4.73
869,62.37,59,-3.37
870,60.96,56,-4.96
871,64.32,60,-4.32
872,62.59,67,4.41
873,62.16,83,20.84
874,62.62,91,28.38
875,61.39,48,-13.39
876,61.52,59,-2.52
877,62.47,57,-5.47
878,64.57,67,2.43
879,62.84,71,8.16
880,64.6,63,-1.6
881,61.73,50,-11.73
882,64.72,62,-2.72
883,62.8,120,57.2
884,63.05,106,42.95
885,62.93,49,-13.93
886,62.11,54,-8.11
887,64.83,71,6.17
888,63.25,54,-9.25
889,63.18,50,-13.18
890,65.03,46,-19.03
891,63.43,83,19.57
892,62.69,58,-4.69
893,65.14,67,1.86
894,63.48,83,19.52
895,65.17,77,11.83
896,63.63,53,-10.63
897,62.92,50,-12.92
898,63.64,70,6.36
899,63.73,53,-10.73
900,63.85,55,-8.85
901,65.41,59,-6.41
902,63.27,101,37.73
903,65.43,116,50.57
904,63.98,66,2.02
905,65.48,57,-8.48
906,63.93,55,-8.93
907,63.49,50,-13.49
908,64.16,54,-10.16
909,65.6,56,-9.6
910,64.09,57,-7.09
911,63.74,58,-5.74
912,64.39,63,-1.39
913,64.22,73,8.78
914,65.81,53,-12.81
915,64.03,66,1.97
916,64.14,47,-17.14
917,64.35,64,-0.35
918,64.66,48,-16.66
919,65.95,49,-16.95
920,64.8,61,-3.8
921,64.47,81,16.53
922,64.88,55,-9.88
923,66.07,61,-5.07
924,64.53,54,-10.53
925,64.97,45,-19.97
926,64.63,57,-7.63
927,64.59,82,17.41
928,66.25,60,-6.25
929,64.77,62,-2.77
930,65.2,81,15.8
931,64.71,56,-8.71
932,64.93,79,14.07
933,66.39,60,-6.39
934,64.78,52,-12.78
935,65.57,65,-0.57
936,64.82,51,-13.82
937,65.19,60,-5.19
938,66.57,74,7.43
939,65.7,62,-3.7
940,66.67,52,-14.67
941,64.89,61,-3.89
942,65.87,65,-0.87
943,66.77,53,-13.77
944,64.94,52,-12.94
945,65.51,61,-4.51
946,66.03,99,32.97
947,64.97,48,-16.97
948,65.61,58,-7.61
949,65.65,51,-14.65
950,66.19,55,-11.19
951,66.95,58,-8.95
952,66.32,58,-8.32
953,67.04,66,-1.04
954,65.08,70,4.92
955,65.97,55,-10.97
956,65.1,66,0.9
957,109.04,110,0.96
958,108.94,119,10.06
959,108.86,108,-0.86
960,108.38,118,9.62
961,108.65,111,2.35
962,108.54,125,16.46
963,108.49,95,-13.49
964,108.1,97,-11.1
965,108.34,90,-18.34
966,107.87,86,-21.87
967,108.08,84,-24.08
968,107.94,98,-9.94
969,107.51,112,4.49
970,107.51,112,4.49
971,107.41,95,-12.41
972,107.02,92,-15.02
973,99.57,114,14.43
974,107.05,86,-21.05
975,107.06,77,-30.06
976,106.65,77,-29.65
977,99.09,88,-11.09
978,99.09,90,-9.09
979,99.04,86,-13.04
980,106.56,106,-0.56
981,106.26,119,12.74
982,106.55,69,-37.55
983,106.32,81,-25.32
984,106.02,102,-4.02
985,98.74,109,10.26
986,105.97,95,-10.97
987,106.12,114,7.88
988,98.52,134,35.48
989,105.63,133,27.37
990,105.65,105,-0.65
991,105.38,124,18.62
992,105.6,128,22.4
993,105.8,145,39.2
994,98.26,135,36.74
995,105.21,113,7.79
996,98.18,126,27.82
997,105.4,125,19.6
998,105.36,85,-20.36
999,98.12,99,0.88
1000,105.56,95,-10.56
1001,105.04,91,-14.04
1002,105.5,107,1.5
1003,98.04,87,-11.04
1004,105.18,103,-2.18
1005,97.99,95,-2.99
1006,105.08,75,-30.08
1007,104.85,112,7.15
1008,105.3,115,9.7
1009,104.74,102,-2.74
1010,104.7,109,4.3
1011,97.84,104,6.16
1012,104.82,128,23.18
1013,105.13,136,30.87
1014,97.8,164,66.2
1015,104.6,165,60.4
1016,97.78,164,66.22
1017,104.74,146,41.26
1018,104.52,112,7.48
1019,104.99,98,-6.99
1020,104.46,106,1.54
1021,104.59,89,-15.59
1022,104.56,80,-24.56
1023,97.64,82,-15.64
1024,104.36,89,-15.36
1025,104.87,92,-12.87
1026,104.48,101,-3.48
1027,97.59,102,4.41
1028,104.26,93,-11.26
1029,104.77,98,-6.77
1030,97.53,94,-3.53
1031,104.19,90,-14.19
1032,97.46,104,6.54
1033,104.62,93,-11.62
1034,97.39,132,34.61
1035,104.08,141,36.92
1036,104.05,98,-6.05
1037,104.53,151,46.47
1038,104.52,182,77.48
1039,104.03,209,104.97
1040,97.3,224,126.7
1041,104.02,226,121.98
1042,104.5,218,113.5
1043,97.27,210,112.73
1044,103.91,109,5.09
1045,104.45,126,21.55
1046,97.21,116,18.79
1047,103.89,114,10.11
1048,103.98,121,17.02
1049,97.17,120,22.83
1050,103.85,111,7.15
1051,103.98,118,14.02
1052,104.41,96,-8.41
1053,103.81,123,19.19
1054,103.99,141,37.01
1055,97.13,145,47.87
1056,104.41,146,41.59
1057,103.8,105,1.2
1058,97.12,126,28.88
1059,104.41,127,22.59
1060,97.11,90,-7.11
1061,104.04,119,14.96
1062,104.04,93,-11.04
1063,97.11,92,-5.11
1064,103.82,113,9.18
1065,103.83,126,22.17
1066,97.12,125,27.88
1067,104.11,132,27.89
1068,103.84,133,29.16
1069,104.48,181,76.52
1070,104.13,210,105.87
1071,97.14,101,3.86
1072,104.51,97,-7.51
1073,103.88,186,82.12
1074,104.17,170,65.83
1075,104.53,179,74.47
1076,103.93,110,6.07
1077,97.18,102,4.82
1078,103.95,100,-3.95
1079,103.97,125,21.03
1080,104.25,114,9.75
1081,104.61,115,10.39
1082,103.99,121,17.01
1083,104.27,120,15.73
1084,97.22,135,37.78
1085,104.02,95,-9.02
1086,97.23,103,5.77
1087,104.69,89,-15.69
1088,104.35,100,-4.35
1089,104.1,99,-5.1
1090,97.27,91,-6.27
1091,104.73,116,11.27
1092,104.15,85,-19.15
1093,104.4,153,48.6
1094,97.28,121,23.72
1095,104.18,140,35.82
1096,104.42,98,-6.42
1097,104.79,107,2.21
1098,97.29,121,23.71
1099,104.22,151,46.78
1100,104.24,85,-19.24
1101,97.29,119,21.71
1102,104.81,108,3.19
1103,104.47,114,9.53
1104,97.28,73,-24.28
1105,104.27,102,-2.27
1106,104.82,150,45.18
1107,97.26,101,3.74
1108,104.3,102,-2.3
1109,104.83,96,-8.83
1110,104.51,103,-1.51
1111,97.24,97,-0.24
1112,104.83,157,52.17
1113,104.31,159,54.69
1114,104.52,176,71.48
1115,104.52,225,120.48
1116,104.82,201,96.18
1117,97.18,195,97.82
1118,104.31,131,26.69
1119,97.16,139,41.84
1120,104.52,147,42.48
1121,104.31,105,0.69
1122,104.8,118,13.2
1123,104.78,86,-18.78
1124,104.5,105,0.5
1125,104.28,112,7.72
1126,97.03,109,11.97
1127,104.73,103,-1.73
1128,104.24,114,9.76
1129,104.24,114,9.76
1130,96.92,88,-8.92
1131,104.69,94,-10.69
1132,104.41,154,49.59
1133,104.62,204,99.38
1134,96.75,232,135.25
1135,104.13,239,134.87
1136,104.58,239,134.42
1137,104.37,260,155.63
1138,104.07,88,-16.07
1139,104.34,91,-13.34
1140,96.62,95,-1.62
1141,96.6,108,11.4
1142,96.59,141,44.41
1143,104.45,95,-9.45
1144,103.96,110,6.04
1145,96.46,127,30.54
1146,104.24,136,31.76
1147,104.39,112,7.61
1148,104.36,104,-0.36
1149,96.34,106,9.66
1150,104.14,97,-7.14
1151,96.26,125,28.74
1152,103.79,87,-16.79
1153,103.75,87,-16.75
1154,104.07,155,50.93
1155,104.01,82,-22.01
1156,96.06,112,15.94
1157,103.62,117,13.38
1158,103.94,87,-16.94
1159,95.96,104,8.04
1160,103.53,114,10.47
1161,104.01,102,-2.01
1162,103.85,138,34.15
1163,95.85,128,32.15
1164,103.9,84,-19.9
1165,103.33,107,3.67
1166,103.72,116,12.28
1167,95.68,122,26.32
1168,103.28,129,25.72
1169,95.6,74,-21.6
1170,103.59,100,-3.59
1171,103.12,94,-9.12
1172,95.43,86,-9.43
1173,103.58,104,0.42
1174,103.38,84,-19.38
1175,95.3,92,-3.3
1176,103.29,164,60.71
1177,102.76,106,3.24
1178,103.21,114,10.79
1179,95.14,115,19.86
1180,103.33,118,14.67
1181,102.67,119,16.33
1182,103.11,112,8.89
1183,102.61,131,28.39
1184,103.07,90,-13.07
1185,94.96,90,-4.96
1186,103.13,122,18.87
1187,102.4,88,-14.4
1188,94.88,86,-8.88
1189,102.82,131,28.18
1190,102.94,125,22.06
1191,102.69,119,16.31
1192,94.7,129,34.3
1193,102.81,151,48.19
1194,102.1,178,75.9
1195,94.59,94,-0.59
1196,102.49,79,-23.49
1197,102.65,92,-10.65
1198,94.43,84,-10.43
1199,101.73,90,-11.73
1200,102.42,97,-5.42
1201,102.19,84,-18.19
1202,101.59,157,55.41
1203,102.11,189,86.89
1204,102.25,221,118.75
1205,94.25,229,134.75
1206,101.45,218,116.55
1207,101.89,107,5.11
1208,94.08,80,-14.08
1209,101.9,104,2.1
1210,101.68,149,47.32
1211,101.06,105,3.94
1212,101.62,95,-6.62
1213,101.71,112,10.29
1214,93.91,105,11.09
1215,100.94,126,25.06
1216,101.5,103,1.5
1217,101.45,105,3.55
1218,93.77,120,26.23
1219,101.28,94,-7.28
1220,100.64,122,21.36
1221,101.26,96,-5.26
1222,93.61,85,-8.61
1223,100.43,129,28.57
1224,101.01,129,27.99
1225,101.04,129,27.96
1226,100.93,103,2.07
1227,100.27,72,-28.27
1228,93.43,88,-5.43
1229,100.75,84,-16.75
1230,100.71,91,-9.71
1231,100.66,86,-14.66
1232,93.35,101,7.65
1233,99.94,127,27.06
1234,100.45,119,18.55
1235,93.2,109,15.8
1236,100.36,122,21.64
1237,100.27,130,29.73
1238,99.65,122,22.35
1239,93.04,93,-0.04
1240,100.09,125,24.91
1241,99.93,131,31.07
1242,99.29,104,4.71
1243,99.8,116,16.2
1244,99.92,124,24.08
1245,92.91,137,44.09
1246,99.04,77,-22.04
1247,99.5,113,13.5
1248,98.96,124,25.04
1249,92.76,120,27.24
1250,99.64,145,45.36
1251,99.38,177,77.62
1252,92.71,143,50.29
1253,99.53,99,-0.53
1254,98.74,105,6.26
1255,98.69,66,-32.69
1256,99.0,125,26.0
1257,92.52,134,41.48
1258,99.27,149,49.73
1259,98.81,92,-6.81
1260,99.14,102,2.86
1261,92.41,100,7.59
1262,98.25,121,22.75
1263,92.31,72,-20.31
1264,98.96,80,-18.96
1265,98.02,93,-5.02
1266,98.46,107,8.54
1267,97.94,73,-24.94
1268,92.21,70,-22.21
1269,98.29,92,-6.29
1270,98.72,97,-1.72
1271,97.63,105,7.37
1272,92.03,89,-3.03
1273,98.03,102,3.97
1274,98.53,118,19.47
1275,97.97,94,-3.97
1276,97.43,75,-22.43
1277,98.44,91,-7.44
1278,91.91,94,2.09
1279,97.83,111,13.17
1280,97.18,98,0.82
1281,98.24,117,18.76
1282,97.57,82,-15.57
1283,91.71,95,3.29
1284,98.12,100,1.88
1285,96.92,107,10.08
1286,91.62,85,-6.62
1287,97.32,81,-16.32
1288,97.9,116,18.1
1289,97.2,144,46.8
1290,96.59,156,59.41
1291,91.45,77,-14.45
1292,97.79,85,-12.79
1293,96.36,96,-0.36
1294,91.27,75,-16.27
1295,97.59,93,-4.59
1296,96.79,106,9.21
1297,96.13,106,9.87
1298,96.73,109,12.27
1299,95.87,138,42.13
1300,97.33,168,70.67
1301,96.48,204,107.52
1302,95.78,220,124.22
1303,90.98,196,105.02
1304,90.95,194,103.05
1305,97.12,104,6.88
1306,90.82,162,71.18
1307,95.46,168,72.54
1308,97.04,181,83.96
1309,96.13,212,115.87
1310,95.38,216,120.62
1311,90.72,222,131.28
1312,96.94,147,50.06
1313,96.01,175,78.99
1314,90.55,76,-14.55
1315,95.09,105,9.91
1316,96.77,93,-3.77
1317,91.76,70,-21.76
1318,94.26,72,-22.26
1319,99.51,96,-3.51
1320,94.35,110,15.65
1321,94.4,77,-17.4
1322,99.71,87,-12.71
1323,92.28,84,-8.28
1324,92.52,77,-15.52
1325,94.83,117,22.17
1326,99.98,128,28.02
1327,94.93,75,-19.93
1328,100.16,97,-3.16
1329,95.2,95,-0.2
1330,93.1,81,-12.1
1331,95.35,86,-9.35
1332,100.44,115,14.56
1333,95.46,111,15.54
1334,95.66,79,-16.66
1335,100.66,120,19.34
1336,95.77,70,-25.77
1337,93.7,89,-4.7
1338,101.03,95,-6.03
1339,96.32,108,11.68
1340,94.18,111,16.82
1341,94.24,86,-8.24
1342,96.36,101,4.64
1343,96.56,102,5.44
1344,101.53,85,-16.53
1345,96.87,119,22.13
1346,94.87,128,33.13
1347,96.96,129,32.04
1348,97.25,70,-27.25
1349,97.47,91,-6.47
1350,95.31,90,-5.31
1351,97.45,134,36.55
1352,102.2,147,44.8
1353,97.84,89,-8.84
1354,102.53,99,-3.53
1355,95.86,129,33.14
1356,98.0,135,37.0
1357,96.01,71,-25.01
1358,98.5,80,-18.5
1359,102.81,140,37.19
1360,98.47,81,-17.47
1361,96.42,86,-10.42
1362,103.34,77,-26.34
1363,98.94,93,-5.94
1364,99.58,100,0.42
1365,103.63,121,17.37
1366,96.95,139,42.05
1367,103.72,129,25.28
1368,99.46,111,11.54
1369,100.0,83,-17.0
1370,97.25,82,-15.25
1371,97.4,69,-28.4
1372,100.06,100,-0.06
1373,104.39,130,25.61
1374,100.7,162,61.3
1375,104.48,171,66.52
1376,100.42,197,96.58
1377,97.81,213,115.19
1378,101.08,108,6.92
1379,100.87,73,-27.87
1380,104.92,98,-6.92
1381,98.15,94,-4.15
1382,101.6,79,-22.6
1383,101.53,99,-2.53
1384,98.48,114,15.52
1385,105.52,99,-6.52
1386,102.2,113,10.8
1387,102.42,81,-21.42
1388,98.81,96,-2.81
1389,102.23,76,-26.23
1390,105.92,78,-27.92
1391,102.62,121,18.38
1392,99.15,129,29.85
1393,102.81,89,-13.81
1394,106.25,100,-6.25
1395,99.32,85,-14.32
1396,103.03,66,-37.03
1397,103.52,104,0.48
1398,99.54,109,9.46
1399,106.72,92,-14.72
1400,103.87,81,-22.87
1401,103.67,86,-17.67
1402,99.98,89,-10.98
1403,104.27,103,-1.27
1404,107.07,124,16.93
1405,100.25,73,-27.25
1406,100.42,84,-16.42
1407,104.93,98,-6.93
1408,107.52,124,16.48
1409,104.92,84,-20.92
1410,107.74,74,-33.74
1411,100.77,106,5.23
1412,105.35,90,-15.35
1413,107.97,73,-34.97
1414,101.02,82,-19.02
1415,105.82,108,2.18
1416,105.77,125,19.23
1417,101.22,68,-33.22
1418,106.09,77,-29.09
1419,106.17,76,-30.17
1420,106.13,96,-10.13
1421,108.35,98,-10.35
1422,106.46,88,-18.46
1423,108.55,83,-25.55
1424,101.99,86,-15.99
1425,57.3,58,0.7
1426,57.79,59,1.21
1427,57.23,62,4.77
1428,57.59,65,7.41
1429,57.14,60,2.86
1430,57.62,57,-0.62
1431,57.6,52,-5.6
1432,57.43,70,12.57
1433,57.0,57,0.0
1434,57.29,49,-8.29
1435,57.4,52,-5.4
1436,52.6,45,-7.6
1437,56.79,53,-3.79
1438,57.05,61,3.95
1439,56.56,49,-7.56
1440,57.01,64,6.99
1441,56.72,54,-2.72
1442,52.22,63,10.78
1443,56.33,49,-7.33
1444,56.81,53,-3.81
1445,56.45,49,-7.45
1446,52.03,55,2.97
1447,52.02,50,-2.02
1448,52.01,54,1.99
1449,56.07,61,4.93
1450,56.14,45,-11.14
1451,56.54,52,-4.54
1452,56.52,40,-16.52
1453,55.96,55,-0.96
1454,55.97,58,2.03
1455,51.92,55,3.08
1456,55.81,41,-14.81
1457,56.28,61,4.72
1458,51.89,46,-5.89
1459,55.67,54,-1.67
1460,55.69,76,20.31
1461,55.49,64,8.51
1462,55.67,67,11.33
1463,56.13,61,4.87
1464,51.91,55,3.09
1465,55.37,59,3.63
1466,51.92,71,19.08
1467,55.62,65,9.38
1468,55.61,51,-4.61
1469,51.93,53,1.07
1470,56.06,58,1.94
1471,55.27,62,6.73
1472,56.04,57,0.96
1473,51.96,50,-1.96
1474,55.57,61,5.43
1475,51.98,60,8.02
1476,55.56,52,-3.56
1477,55.14,134,78.86
1478,56.0,60,4.0
1479,55.07,50,-5.07
1480,55.05,42,-13.05
1481,52.05,51,-1.05
1482,55.53,62,6.47
1483,55.99,46,-9.99
1484,52.07,62,9.93
1485,54.99,58,3.01
1486,52.08,58,5.92
1487,55.52,59,3.48
1488,54.96,62,7.04
1489,56.01,50,-6.01
1490,54.93,62,7.07
1491,55.52,72,16.48
1492,55.52,48,-7.52
1493,52.13,55,2.87
1494,54.89,58,3.11
1495,56.03,55,-1.03
1496,55.52,59,3.48
1497,52.15,58,5.85
1498,54.85,46,-8.85
1499,56.06,56,-0.06
1500,52.16,56,3.84
1501,55.52,56,0.48
1502,54.83,47,-7.83
1503,55.52,47,-8.52
1504,52.16,64,11.84
1505,56.13,136,79.87
1506,54.82,66,11.18
1507,52.14,56,3.86
1508,54.82,71,16.18
1509,55.52,45,-10.52
1510,56.19,74,17.81
1511,56.2,68,11.8
1512,54.84,72,17.16
1513,52.11,86,33.89
1514,54.85,77,22.15
1515,56.22,76,19.78
1516,52.1,68,15.9
1517,55.52,63,7.48
1518,56.27,68,11.73
1519,52.07,71,18.93
1520,55.52,69,13.48
1521,54.9,74,19.1
1522,52.05,55,2.95
1523,55.53,46,-9.53
1524,54.94,47,-7.94
1525,56.36,57,0.64
1526,55.54,63,7.46
1527,54.99,58,3.01
1528,52.03,73,20.97
1529,56.4,95,38.6
1530,55.56,88,32.44
1531,52.02,74,21.98
1532,56.43,65,8.57
1533,52.02,52,-0.02
1534,55.1,60,4.9
1535,55.11,50,-5.11
1536,52.03,70,17.97
1537,55.68,55,-0.68
1538,55.69,95,39.31
1539,52.06,68,15.94
1540,55.23,76,20.77
1541,55.25,69,13.75
1542,55.73,68,12.27
1543,55.27,75,19.73
1544,52.08,80,27.92
1545,56.72,56,-0.72
1546,55.79,60,4.21
1547,55.33,58,2.67
1548,56.75,63,6.25
1549,55.85,55,-0.85
1550,52.15,54,1.85
1551,55.88,57,1.12
1552,55.9,73,17.1
1553,55.44,58,2.56
1554,56.89,44,-12.89
1555,55.95,57,1.05
1556,55.47,74,18.53
1557,52.21,61,8.79
1558,55.99,61,5.01
1559,52.22,81,28.78
1560,57.02,48,-9.02
1561,55.57,57,1.43
1562,56.12,58,1.88
1563,52.3,50,-2.3
1564,57.11,61,3.89
1565,56.19,60,3.81
1566,55.64,57,1.36
1567,52.35,59,6.65
1568,56.24,57,0.76
1569,55.66,47,-8.66
1570,57.21,60,2.79
1571,52.4,68,15.6
1572,56.32,76,19.68
1573,56.35,54,-2.35
1574,52.42,62,9.58
1575,57.27,70,12.73
1576,55.72,58,2.28
1577,52.44,57,4.56
1578,56.41,66,9.59
1579,57.32,103,45.68
1580,52.46,64,11.54
1581,56.48,55,-1.48
1582,57.35,58,0.65
1583,55.76,49,-6.76
1584,52.48,48,-4.48
1585,57.38,126,68.62
1586,56.55,127,70.45
1587,55.77,108,52.23
1588,55.77,45,-10.77
1589,57.39,55,-2.39
1590,52.49,54,1.51
1591,56.57,53,-3.57
1592,52.49,72,19.51
1593,55.77,81,25.23
1594,56.58,68,11.42
1595,57.4,63,5.6
1596,57.4,48,-9.4
1597,55.75,68,12.25
1598,56.61,67,10.39
1599,52.47,67,14.53
1600,57.38,62,4.62
1601,56.62,56,-0.62
1602,56.62,68,11.38
1603,52.44,58,5.56
1604,57.37,47,-10.37
1605,56.62,54,-2.62
1606,55.66,86,30.34
1607,57.32,64,6.68
1608,52.38,65,12.62
1609,56.6,83,26.4
1610,55.64,41,-14.64
1611,57.3,65,7.7
1612,55.62,64,8.38
1613,56.58,73,16.42
1614,55.61,78,22.39
1615,52.33,57,4.67
1616,52.32,69,16.68
1617,52.32,59,6.68
1618,57.22,56,-1.22
1619,56.53,79,22.47
1620,52.26,98,45.74
1621,55.52,73,17.48
1622,57.17,49,-8.17
1623,57.15,58,0.85
1624,52.21,68,15.79
1625,55.43,42,-13.43
1626,52.18,58,5.82
1627,56.45,49,-7.45
1628,56.44,51,-5.44
1629,55.35,102,46.65
1630,57.02,73,15.98
1631,55.32,47,-8.32
1632,52.09,66,13.91
1633,56.36,52,-4.36
1634,55.25,58,2.75
1635,52.05,55,2.95
1636,56.31,55,-1.31
1637,56.88,56,-0.88
1638,55.17,66,10.83
1639,51.99,59,7.01
1640,56.79,49,-7.79
1641,56.21,98,41.79
1642,55.05,106,50.95
1643,51.92,109,57.08
1644,56.18,79,22.82
1645,51.89,43,-8.89
1646,56.67,60,3.33
1647,54.94,51,-3.94
1648,56.09,49,-7.09
1649,51.81,56,4.19
1650,56.53,54,-2.53
1651,54.76,44,-10.76
1652,51.75,55,3.25
1653,54.66,131,76.34
1654,55.9,68,12.1
1655,54.61,68,13.39
1656,51.68,51,-0.68
1657,56.33,91,34.67
1658,55.85,59,3.15
1659,54.53,58,3.47
1660,55.82,54,-1.82
1661,54.5,47,-7.5
1662,51.61,69,17.39
1663,56.18,82,25.82
1664,55.71,50,-5.71
1665,51.58,42,-9.58
1666,54.29,69,14.71
1667,55.64,63,7.36
1668,56.04,67,10.96
1669,54.19,67,12.81
1670,51.51,75,23.49
1671,55.94,71,15.06
1672,55.54,53,-2.54
1673,51.47,53,1.53
1674,54.07,48,-6.07
1675,55.84,62,6.16
1676,51.42,57,5.58
1677,55.38,62,6.62
1678,55.68,51,-4.68
1679,53.85,57,3.15
1680,55.29,98,42.71
1681,53.78,56,2.22
1682,55.53,67,11.47
1683,51.35,54,2.65
1684,55.22,144,88.78
1685,53.67,48,-5.67
1686,51.32,51,-0.32
1687,55.32,58,2.68
1688,53.55,95,41.45
1689,55.05,50,-5.05
1690,53.52,80,26.48
1691,55.2,94,38.8
1692,51.27,89,37.73
1693,54.99,50,-4.99
1694,53.45,64,10.55
1695,55.03,48,-7.03
1696,51.24,59,7.76
1697,53.35,63,9.65
1698,54.85,53,-1.85
1699,54.92,46,-8.92
1700,51.2,55,3.8
1701,54.75,51,-3.75
1702,53.21,64,10.79
1703,54.76,76,21.24
1704,53.18,63,9.82
1705,54.69,49,-5.69
1706,51.17,51,-0.17
1707,54.59,61,6.41
1708,53.08,63,9.92
1709,54.54,55,0.46
1710,51.16,59,7.84
1711,54.52,64,9.48
1712,52.97,70,17.03
1713,51.14,56,4.86
1714,52.93,63,10.07
1715,54.29,55,0.71
1716,54.39,68,13.61
1717,51.12,47,-4.12
1718,52.82,61,8.18
1719,54.07,62,7.93
1720,54.22,64,9.78
1721,54.0,78,24.0
1722,52.75,58,5.25
1723,51.1,76,24.9
1724,54.1,45,-9.1
1725,53.82,60,6.18
1726,54.06,74,19.94
1727,51.09,64,12.91
1728,52.64,73,20.36
1729,53.74,74,20.26
1730,51.08,63,11.92
1731,52.6,51,-1.6
1732,53.96,63,9.04
1733,53.93,44,-9.93
1734,53.53,75,21.47
1735,51.07,55,3.93
1736,52.5,98,45.5
1737,53.43,49,-4.43
1738,52.46,60,7.54
1739,51.06,55,3.94
1740,53.71,67,13.29
1741,51.05,40,-11.05
1742,52.39,54,1.61
1743,53.59,53,-0.59
1744,53.23,49,-4.23
1745,53.56,43,-10.56
1746,51.04,39,-12.04
1747,53.14,59,5.86
1748,52.29,56,3.71
1749,53.4,52,-1.4
1750,51.03,56,4.97
1751,52.99,58,5.01
1752,52.22,92,39.78
1753,52.96,56,3.04
1754,53.3,40,-13.3
1755,52.18,58,5.82
1756,51.02,44,-7.02
1757,52.89,51,-1.89
1758,53.17,75,21.83
1759,52.1,67,14.9
1760,52.76,51,-1.76
1761,50.99,39,-11.99
1762,52.05,64,11.95
1763,53.04,60,6.96
1764,50.98,52,1.02
1765,52.63,44,-8.63
1766,51.96,60,8.04
1767,52.56,54,1.44
1768,52.88,50,-2.88
1769,50.96,43,-7.96
1770,51.92,43,-8.92
1771,52.78,60,7.22
1772,50.94,48,-2.94
1773,52.39,54,1.61
1774,51.81,42,-9.81
1775,52.67,50,-2.67
1776,52.36,58,5.64
1777,52.56,71,18.44
1778,51.7,77,25.3
1779,52.24,54,1.76
1780,52.51,58,5.49
1781,50.88,70,19.12
1782,50.87,59,8.13
1783,51.61,58,6.39
1784,50.85,46,-4.85
1785,52.13,56,3.87
1786,52.38,49,-3.38
1787,51.57,55,3.43
1788,52.1,58,5.9
1789,52.35,47,-5.35
1790,50.82,46,-4.82
1791,51.53,55,3.47
1792,52.06,50,-2.06
1793,50.79,46,-4.79
1794,52.25,52,-0.25
1795,51.45,64,12.55
1796,50.09,40,-10.09
1797,51.01,42,-9.01
1798,53.27,59,5.73
1799,51.07,50,-1.07
1800,50.55,53,2.45
1801,53.38,50,-3.38
1802,50.55,58,7.45
1803,50.67,55,4.33
1804,50.73,50,-0.73
1805,51.38,62,10.62
1806,53.54,58,4.46
1807,50.91,53,2.09
1808,53.63,54,0.37
1809,51.6,65,13.4
1810,51.2,51,-0.2
1811,51.21,49,-2.21
1812,53.78,60,6.22
1813,51.76,62,10.24
1814,51.41,49,-2.41
1815,53.9,53,-0.9
1816,51.93,46,-5.93
1817,51.69,58,6.31
1818,54.08,52,-2.08
1819,51.86,63,11.14
1820,52.07,49,-3.07
1821,52.11,63,10.89
1822,52.27,150,97.73
1823,52.02,75,22.98
1824,54.31,51,-3.31
1825,52.55,63,10.45
1826,52.59,45,-7.59
1827,52.6,65,12.4
1828,52.43,45,-7.43
1829,52.58,52,-0.58
1830,52.88,50,-2.88
1831,54.58,69,14.42
1832,52.85,50,-2.85
1833,52.8,44,-8.8
1834,54.61,121,66.39
1835,54.74,51,-3.74
1836,53.24,56,2.76
1837,53.11,80,26.89
1838,53.31,65,11.69
1839,53.2,50,-3.2
1840,54.86,60,5.14
1841,53.31,47,-6.31
1842,53.56,51,-2.56
1843,55.04,45,-10.04
1844,53.53,46,-7.53
1845,53.77,52,-1.77
1846,55.16,43,-12.16
1847,53.86,57,3.14
1848,55.2,65,9.8
1849,53.75,53,-0.75
1850,53.96,47,-6.96
1851,53.99,50,-3.99
1852,54.05,46,-8.05
1853,54.0,56,2.0
1854,55.43,55,-0.43
1855,54.31,154,99.69
1856,55.46,102,46.54
1857,54.18,99,44.82
1858,55.5,36,-19.5
1859,54.26,58,3.74
1860,54.46,60,5.54
1861,54.31,56,1.69
1862,55.59,49,-6.59
1863,54.36,53,-1.36
1864,54.66,55,0.34
1865,54.57,48,-6.57
1866,54.47,58,3.53
1867,55.78,52,-3.78
1868,54.9,50,-4.9
1869,54.97,55,0.03
1870,54.57,52,-2.57
1871,54.82,42,-12.82
1872,55.9,40,-15.9
1873,54.98,53,-1.98
1874,54.66,48,-6.66
1875,55.04,52,-3.04
1876,56.01,57,0.99
1877,54.69,45,-9.69
1878,55.11,42,-13.11
1879,55.34,52,-3.34
1880,54.74,73,18.26
1881,56.16,51,-5.16
1882,55.44,48,-7.44
1883,55.34,42,-13.34
1884,54.82,44,-10.82
1885,55.56,51,-4.56
1886,56.27,58,1.73
1887,54.85,41,-13.85
1888,55.66,60,4.34
1889,54.88,44,-10.88
1890,55.74,59,3.26
1891,56.42,60,3.58
1892,55.75,54,-1.75
1893,56.49,46,-10.49
1894,54.92,53,-1.92
1895,55.89,48,-7.89
1896,56.56,45,-11.56
1897,54.94,48,-6.94
1898,55.96,54,-1.96
1899,56.03,59,2.97
1900,54.95,40,-14.95
1901,56.02,50,-6.02
1902,56.04,45,-11.04
1903,56.13,54,-2.13
1904,56.7,54,-2.7
1905,56.24,48,-8.24
1906,56.77,44,-12.77
1907,54.99,51,-3.99
1908,59.11,59,-0.11
1909,61.87,79,17.13
1910,59.06,59,-0.06
1911,60.1,73,12.9
1912,58.97,115,56.03
1913,61.69,64,2.31
1914,61.67,88,26.33
1915,59.93,83,23.07
1916,58.86,88,29.14
1917,59.79,48,-11.79
1918,61.48,53,-8.48
1919,58.11,61,2.89
1920,58.67,79,20.33
1921,59.54,57,-2.54
1922,58.44,59,0.56
1923,61.12,62,0.88
1924,59.23,143,83.77
1925,57.58,79,21.42
1926,58.18,49,-9.18
1927,60.95,55,-5.95
1928,59.0,63,4.0
1929,57.22,55,-2.22
1930,57.22,57,-0.22
1931,57.18,65,7.82
1932,57.89,55,-2.89
1933,60.7,46,-14.7
1934,57.74,113,55.26
1935,58.61,130,71.39
1936,56.95,88,31.05
1937,57.53,47,-10.53
1938,60.49,57,-3.49
1939,56.78,75,18.22
1940,58.39,54,-4.39
1941,57.33,62,4.67
1942,58.29,68,9.71
1943,57.3,76,18.7
1944,60.37,71,10.63
1945,56.6,94,37.4
1946,58.23,61,2.77
1947,56.55,82,25.45
1948,57.17,78,20.83
1949,57.16,80,22.84
1950,56.52,55,-1.52
1951,58.18,66,7.82
1952,60.3,72,11.7
1953,56.48,59,2.52
1954,57.06,64,6.94
1955,56.45,57,0.55
1956,57.01,58,0.99
1957,60.26,65,4.74
1958,58.12,49,-9.12
1959,56.37,61,4.63
1960,56.85,61,4.15
1961,60.24,61,0.76
1962,56.36,76,19.64
1963,58.09,68,9.91
1964,56.35,65,8.65
1965,56.81,65,8.19
1966,58.09,65,6.91
1967,60.24,50,-10.24
1968,58.08,55,-3.08
1969,56.74,77,20.26
1970,56.73,57,0.27
1971,56.3,71,14.7
1972,58.08,82,23.92
1973,60.25,70,9.75
1974,56.69,97,40.31
1975,56.28,62,5.72
1976,58.07,50,-8.07
1977,60.26,55,-5.26
1978,56.26,60,3.74
1979,56.63,55,-1.63
1980,58.08,55,-3.08
1981,56.6,47,-9.6
1982,56.23,87,30.77
1983,56.2,68,11.8
1984,58.09,83,24.91
1985,56.53,57,0.47
1986,60.32,86,25.68
1987,60.32,160,99.68
1988,58.12,170,111.88
1989,56.16,256,199.84
1990,58.12,276,217.88
1991,60.34,301,240.66
1992,56.15,349,292.85
1993,56.49,68,11.51
1994,60.37,89,28.63
1995,56.13,102,45.87
1996,56.49,100,43.51
1997,58.17,57,-1.17
1998,56.11,69,12.89
1999,56.48,85,28.52
2000,58.2,99,40.8
2001,60.44,65,4.56
2002,56.49,63,6.51
2003,58.26,72,13.74
2004,56.11,93,36.89
2005,60.48,87,26.52
2006,56.51,114,57.49
2007,56.11,83,26.89
2008,60.51,81,20.49
2009,56.13,51,-5.13
2010,58.39,48,-10.39
2011,56.16,55,-1.16
2012,56.65,53,-3.65
2013,56.66,109,52.34
2014,56.21,106,49.79
2015,58.54,94,35.46
2016,56.72,66,9.28
2017,58.59,77,18.41
2018,56.25,86,29.75
2019,60.84,53,-7.84
2020,56.78,77,20.22
2021,58.66,84,25.34
2022,60.88,88,27.12
2023,56.86,69,12.14
2024,56.36,56,-0.36
2025,56.91,50,-6.91
2026,56.93,164,107.07
2027,61.06,59,-2.06
2028,56.99,77,20.01
2029,58.87,68,9.13
2030,56.48,60,3.52
2031,57.06,73,15.94
2032,56.5,70,13.5
2033,61.25,51,-10.25
2034,59.02,58,-1.02
2035,57.24,73,15.76
2036,56.63,70,13.37
2037,61.39,67,5.61
2038,57.34,111,53.66
2039,56.75,60,3.25
2040,57.43,74,16.57
2041,59.2,66,6.8
2042,61.58,74,12.42
2043,56.85,77,20.15
2044,57.57,110,52.43
2045,59.29,64,4.71
2046,57.62,73,15.38
2047,56.91,72,15.09
2048,61.69,74,12.31
2049,59.35,81,21.65
2050,56.94,75,18.06
2051,57.73,64,6.27
2052,61.81,109,47.19
2053,57.02,78,20.98
2054,57.86,64,6.14
2055,61.86,66,4.14
2056,57.08,52,-5.08
2057,61.97,97,35.03
2058,58.02,86,27.98
2059,59.54,111,51.46
2060,57.16,60,2.84
2061,58.07,46,-12.07
2062,57.18,54,-3.18
2063,59.56,57,-2.56
2064,58.1,64,5.9
2065,62.07,78,15.93
2066,62.1,48,-14.1
2067,59.59,70,10.41
2068,58.2,81,22.8
2069,57.24,135,77.76
2070,62.15,61,-1.15
2071,58.26,77,18.74
2072,58.27,111,52.73
2073,57.27,85,27.73
2074,62.17,56,-6.17
2075,58.29,83,24.71
2076,59.56,84,24.44
2077,62.19,194,131.81
2078,57.28,189,131.72
2079,58.33,200,141.67
2080,59.53,69,9.47
2081,58.34,79,20.66
2082,59.52,71,11.48
2083,57.28,66,8.72
2084,57.28,72,14.72
2085,62.16,55,-7.16
2086,58.34,152,93.66
2087,57.26,251,193.74
2088,59.43,275,215.57
2089,62.14,200,137.86
2090,62.13,77,14.87
2091,57.24,79,21.76
2092,59.35,47,-12.35
2093,57.23,211,153.77
2094,58.32,177,118.68
2095,58.32,65,6.68
2096,62.04,76,13.96
2097,59.23,49,-10.23
2098,57.19,70,12.81
2099,58.29,91,32.71
2100,59.17,54,-5.17
2101,57.17,60,2.83
2102,58.27,64,5.73
2103,61.94,65,3.06
2104,59.09,124,64.91
2105,57.14,117,59.86
2106,61.85,56,-5.85
2107,58.21,76,17.79
2108,58.97,261,202.03
2109,57.1,295,237.9
2110,58.19,307,248.81
2111,57.08,271,213.92
2112,58.89,131,72.11
2113,58.15,80,21.85
2114,57.04,52,-5.04
2115,61.62,63,1.38
2116,58.74,53,-5.74
2117,57.01,61,3.99
2118,58.65,100,41.35
2119,58.04,76,17.96
2120,58.61,115,56.39
2121,56.97,162,105.03
2122,61.41,162,100.59
2123,58.01,140,81.99
2124,58.56,95,36.44
2125,57.99,76,18.01
2126,58.53,92,33.47
2127,56.92,58,1.08
2128,61.22,83,21.78
2129,57.93,51,-6.93
2130,56.91,109,52.09
2131,58.38,73,14.62
2132,57.88,111,53.12
2133,61.05,94,32.95
2134,58.31,68,9.69
2135,56.87,99,42.13
2136,60.91,71,10.09
2137,57.81,73,15.19
2138,56.85,51,-5.85
2139,58.22,44,-14.22
2140,60.78,69,8.22
2141,56.82,59,2.18
2142,57.7,76,18.3
2143,60.56,72,11.44
2144,57.64,133,75.36
2145,58.02,68,9.98
2146,60.3,90,29.7
2147,56.78,99,42.22
2148,57.57,146,88.43
2149,57.95,75,17.05
2150,56.76,53,-3.76
2151,60.03,62,1.97
2152,57.45,62,4.55
2153,57.83,66,8.17
2154,59.84,94,34.16
2155,56.74,95,38.26
2156,57.4,123,65.6
2157,57.79,116,58.21
2158,59.59,61,1.41
2159,56.72,59,2.28
2160,57.71,78,20.29
2161,57.29,137,79.71
2162,59.41,94,34.59
2163,56.7,54,-2.7
2164,57.2,95,37.8
2165,57.6,95,37.4
2166,59.17,85,25.83
2167,57.58,134,76.42
2168,57.14,148,90.86
2169,56.69,52,-4.69
2170,58.91,58,-0.91
2171,57.49,78,20.51
2172,58.85,81,22.15
2173,56.68,66,9.32
2174,56.98,81,24.02
2175,57.39,73,15.61
2176,56.66,109,52.34
2177,57.36,162,104.64
2178,58.47,175,116.53
2179,56.85,162,105.15
2180,56.65,42,-14.65
2181,57.25,64,6.75
2182,58.16,75,16.84
2183,56.67,72,15.33
2184,58.05,95,36.95
2185,57.18,128,70.82
2186,56.63,102,45.37
2187,56.56,51,-5.56
2188,57.82,75,17.18
2189,56.51,172,115.49
2190,56.62,220,163.38
2191,57.06,197,139.94
2192,57.71,252,194.29
2193,56.61,271,214.39
2194,57.03,224,166.97
2195,56.4,242,185.6
2196,56.38,216,159.62
2197,57.42,71,13.58
2198,56.58,82,25.42
2199,56.89,107,50.11
2200,57.3,53,-4.3
2201,56.85,76,19.15
2202,56.56,67,10.44
2203,56.13,99,42.87
2204,56.55,45,-11.55
2205,56.77,51,-5.77
2206,56.01,55,-1.01
2207,55.98,45,-10.98
2208,56.53,43,-13.53
2209,56.94,63,6.06
2210,56.64,68,11.36
2211,55.81,56,0.19
2212,56.48,66,9.52
2213,56.76,77,20.24
2214,56.53,87,30.47
2215,55.71,79,23.29
2216,56.49,61,4.51
2217,56.45,64,7.55
2218,56.65,91,34.35
2219,55.56,84,28.44
2220,56.36,70,13.64
2221,56.5,100,43.5
2222,56.39,64,7.61
2223,56.3,71,14.7
2224,55.44,78,22.56
2225,56.37,40,-16.37
2226,56.35,53,-3.35
2227,56.17,65,8.83
2228,56.28,77,20.72
2229,55.27,107,51.73
2230,56.3,83,26.7
2231,56.11,85,28.89
2232,55.17,59,3.83
2233,56.24,44,-12.24
2234,55.06,57,1.94
2235,56.05,67,10.95
2236,54.93,76,21.07
2237,55.92,59,3.08
2238,54.89,92,37.11
2239,56.09,78,21.91
2240,56.08,83,26.92
2241,56.02,49,-7.02
2242,54.76,45,-9.76
2243,55.58,61,5.42
2244,55.77,68,12.23
2245,54.72,77,22.28
2246,55.96,55,-0.96
2247,55.52,62,6.48
2248,55.73,63,7.27
2249,55.9,50,-5.9
2250,51.74,57,5.26
2251,57.23,62,4.77
2252,54.85,41,-13.85
2253,55.29,43,-12.29
2254,57.38,64,6.62
2255,55.35,61,5.65
2256,52.12,69,16.88
2257,57.47,72,14.53
2258,55.26,70,14.74
2259,52.21,101,48.79
2260,55.42,49,-6.42
2261,55.62,74,18.38
2262,57.62,94,36.38
2263,52.41,70,17.59
2264,57.7,57,-0.7
2265,55.82,76,20.18
2266,55.85,64,8.15
2267,52.67,47,-5.67
2268,57.84,67,9.16
2269,55.95,78,22.05
2270,52.84,54,1.16
2271,57.96,69,11.04
2272,56.11,88,31.89
2273,56.31,109,52.69
2274,58.11,55,-3.11
2275,53.26,78,24.74
2276,56.7,56,-0.7
2277,56.75,51,-5.75
2278,56.47,63,6.53
2279,53.42,75,21.58
2280,58.33,59,0.67
2281,57.17,55,-2.17
2282,56.77,78,21.23
2283,53.79,96,42.21
2284,53.93,59,5.07
2285,57.46,48,-9.46
2286,57.03,48,-9.03
2287,54.15,44,-10.15
2288,58.76,51,-7.76
2289,57.85,82,24.15
2290,57.33,62,4.67
2291,57.91,121,63.09
2292,54.56,47,-7.56
2293,58.87,61,2.13
2294,57.54,53,-4.54
2295,58.2,55,-3.2
2296,59.06,49,-10.06
2297,57.79,60,2.21
2298,55.13,61,5.87
2299,58.55,52,-6.55
2300,59.22,44,-15.22
2301,58.05,51,-7.05
2302,55.32,70,14.68
2303,58.7,100,41.3
2304,58.77,49,-9.77
2305,58.32,64,5.68
2306,59.47,69,9.53
2307,55.71,77,21.29
2308,59.51,90,30.49
2309,58.56,85,26.44
2310,59.06,130,70.94
2311,55.82,135,79.18
2312,58.67,55,-3.67
2313,59.61,55,-4.61
2314,59.2,58,-1.2
2315,56.02,46,-10.02
2316,58.96,50,-8.96
2317,59.36,59,-0.36
2318,59.82,56,-3.82
2319,56.26,156,99.74
2320,56.33,52,-4.33
2321,59.5,51,-8.5
2322,59.23,47,-12.23
2323,59.94,50,-9.94
2324,59.41,68,8.59
2325,59.64,100,40.36
2326,59.47,72,12.53
2327,60.05,85,24.95
2328,59.7,63,3.3
2329,59.54,50,-9.54
2330,56.73,52,-4.73
2331,59.79,68,8.21
2332,60.2,64,3.8
2333,56.82,66,9.18
2334,59.78,76,16.22
2335,59.92,50,-9.92
2336,56.95,61,4.05
2337,60.32,56,-4.32
2338,59.99,49,-10.99
2339,60.03,49,-11.03
2340,57.16,62,4.84
2341,60.46,56,-4.46
2342,60.22,65,4.78
2343,60.52,50,-10.52
2344,60.11,67,6.89
2345,60.36,48,-12.36
2346,60.59,51,-9.59
2347,60.15,47,-13.15
2348,57.41,66,8.59
2349,60.51,73,12.49
2350,60.18,91,30.82
2351,57.48,67,9.52
2352,57.5,46,-11.5
2353,60.61,51,-9.61
2354,60.72,53,-7.72
2355,60.71,63,2.29
2356,96.69,119,22.31
2357,96.54,95,-1.54
2358,96.02,89,-7.02
2359,95.74,79,-16.74
2360,95.47,66,-29.47
2361,95.15,87,-8.15
2362,94.9,84,-10.9
2363,94.56,97,2.44
2364,94.34,81,-13.34
2365,94.18,89,-5.18
2366,94.05,102,7.95
2367,93.81,160,66.19
2368,93.68,90,-3.68
2369,93.62,105,11.38
2370,93.57,76,-17.57
2371,93.51,85,-8.51
2372,93.44,67,-26.44
2373,93.39,82,-11.39
2374,93.29,84,-9.29
2375,93.22,287,193.78
2376,93.22,344,250.78
2377,93.2,120,26.8
2378,93.2,113,19.8
2379,93.2,91,-2.2
2380,93.24,79,-14.24
2381,93.32,159,65.68
2382,93.35,104,10.65
2383,93.4,122,28.6
2384,93.55,120,26.45
2385,93.68,100,6.32
2386,93.81,80,-13.81
2387,93.89,87,-6.89
2388,93.96,80,-13.96
2389,94.09,141,46.91
2390,94.1,136,41.9
2391,94.12,94,-0.12
2392,94.15,125,30.85
2393,94.15,196,101.85
2394,94.15,227,132.85
2395,94.14,159,64.86
2396,94.12,80,-14.12
2397,94.09,76,-18.09
2398,94.06,87,-7.06
2399,94.01,83,-11.01
2400,93.99,91,-2.99
2401,93.95,89,-4.95
2402,93.89,94,0.11
2403,93.87,74,-19.87
2404,93.82,71,-22.82
2405,93.77,100,6.23
2406,93.75,84,-9.75
2407,93.74,78,-15.74
2408,93.69,102,8.31
2409,93.67,108,14.33
2410,93.65,77,-16.65
2411,93.58,97,3.42
2412,93.57,91,-2.57
2413,93.53,86,-7.53
2414,93.52,61,-32.52
2415,93.49,79,-14.49
2416,93.47,86,-7.47
2417,93.46,104,10.54
2418,93.43,71,-22.43
2419,93.39,95,1.61
2420,93.38,112,18.62
2421,93.35,103,9.65
2422,93.32,70,-23.32
2423,93.26,118,24.74
2424,93.25,90,-3.25
2425,93.19,93,-0.19
2426,93.17,96,2.83
2427,93.12,71,-22.12
2428,93.05,112,18.95
2429,92.98,120,27.02
2430,92.97,92,-0.97
2431,92.87,99,6.13
2432,92.83,158,65.17
2433,92.74,95,2.26
2434,92.68,86,-6.68
2435,92.59,81,-11.59
2436,92.29,101,8.71
2437,92.24,89,-3.24
2438,93.75,89,-4.75
2439,93.81,78,-15.81
2440,93.85,120,26.15
2441,93.95,94,0.05
2442,93.97,95,1.03
2443,94.04,97,2.96
2444,94.11,101,6.89
2445,94.19,101,6.81
2446,94.31,137,42.69
2447,94.56,95,0.44
2448,94.62,97,2.38
2449,94.73,61,-33.73
2450,94.83,79,-15.83
2451,95.02,80,-15.02
2452,95.09,101,5.91
2453,95.23,82,-13.23
2454,95.31,76,-19.31
2455,95.39,97,1.61
2456,95.52,98,2.48
2457,95.62,120,24.38
2458,95.72,70,-25.72
2459,95.78,70,-25.78
2460,95.84,80,-15.84
2461,95.97,84,-11.97
2462,46.39,48,1.61
2463,46.22,53,6.78
2464,45.6,44,-1.6
2465,45.29,48,2.71
2466,44.99,33,-11.99
2467,44.75,28,-16.75
2468,44.62,37,-7.62
2469,44.36,71,26.64
2470,43.96,71,27.04
2471,43.71,42,-1.71
2472,43.53,43,-0.53
2473,43.39,49,5.61
2474,43.26,45,1.74
2475,43.16,100,56.84
2476,43.11,77,33.89
2477,42.98,42,-0.98
2478,42.92,51,8.08
2479,42.87,86,43.13
2480,42.81,40,-2.81
2481,42.74,35,-7.74
2482,42.68,39,-3.68
2483,42.62,86,43.38
2484,42.62,84,41.38
2485,42.58,63,20.42
2486,42.49,67,24.51
2487,42.5,493,450.5
2488,42.48,104,61.52
2489,42.47,98,55.53
2490,42.46,71,28.54
2491,42.45,38,-4.45
2492,42.46,85,42.54
2493,42.48,97,54.52
2494,42.54,56,13.46
2495,42.57,47,4.43
2496,42.6,104,61.4
2497,42.66,49,6.34
2498,42.73,90,47.27
2499,42.85,41,-1.85
2500,42.91,72,29.09
2501,42.97,35,-7.97
2502,43.04,36,-7.04
2503,43.1,34,-9.1
2504,43.15,92,48.85
2505,43.2,35,-8.2
2506,43.21,67,23.79
2507,43.22,43,-0.22
2508,43.24,104,60.76
2509,43.23,43,-0.23
2510,43.19,41,-2.19
2511,43.18,81,37.82
2512,43.17,67,23.83
2513,43.16,175,131.84
2514,43.13,34,-9.13
2515,43.08,39,-4.08
2516,43.02,29,-14.02
2517,42.96,47,4.04
2518,42.93,67,24.07
2519,42.88,91,48.12
2520,42.8,41,-1.8
2521,42.76,88,45.24
2522,42.71,144,101.29
2523,42.63,70,27.37
2524,42.61,44,1.39
2525,42.58,33,-9.58
2526,42.52,54,11.48
2527,42.47,66,23.53
2528,42.45,41,-1.45
2529,42.39,111,68.61
2530,42.32,45,2.68
2531,42.3,39,-3.3
2532,42.22,37,-5.22
2533,42.2,32,-10.2
2534,42.13,42,-0.13
2535,42.07,90,47.93
2536,42.03,108,65.97
2537,41.98,98,56.02
2538,41.89,51,9.11
2539,41.86,163,121.14
2540,41.79,51,9.21
2541,41.72,91,49.28
2542,41.62,43,1.38
2543,41.6,128,86.4
2544,41.51,70,28.49
2545,41.48,116,74.52
2546,41.41,28,-13.41
2547,41.31,55,13.69
2548,41.23,57,15.77
2549,41.19,30,-11.19
2550,41.08,55,13.92
2551,41.05,96,54.95
2552,40.96,44,3.04
2553,40.9,91,50.1
2554,40.82,39,-1.82
2555,40.69,43,2.31
2556,40.54,46,5.46
2557,40.5,56,15.5
2558,41.15,107,65.85
2559,41.28,109,67.72
2560,41.34,100,58.66
2561,41.42,47,5.58
2562,41.59,69,27.41
2563,41.63,64,22.37
2564,41.75,49,7.25
2565,41.87,42,0.13
2566,42.01,92,49.99
2567,42.22,122,79.78
2568,42.39,55,12.61
2569,42.4,104,61.6
2570,42.61,39,-3.61
2571,42.71,39,-3.71
2572,42.86,32,-10.86
2573,42.93,39,-3.93
2574,43.02,30,-13.02
2575,43.26,29,-14.26
2576,43.39,106,62.61
2577,43.52,33,-10.52
2578,43.65,39,-4.65
2579,43.77,31,-12.77
2580,43.9,34,-9.9
2581,44.1,39,-5.1
2582,44.27,48,3.73
2583,44.41,28,-16.41
2584,44.5,36,-8.5
2585,44.61,26,-18.61
2586,44.82,35,-9.82
2587,104.35,92,-12.35
2588,105.2,88,-17.2
2589,104.25,90,-14.25
2590,105.04,106,0.96
2591,104.13,101,-3.13
2592,108.16,79,-29.16
2593,103.93,95,-8.93
2594,104.8,94,-10.8
2595,103.88,94,-9.88
2596,108.44,99,-9.44
2597,104.62,100,-4.62
2598,107.89,108,0.11
2599,103.7,113,9.3
2600,108.25,113,4.75
2601,104.44,104,-0.44
2602,103.43,88,-15.43
2603,104.28,94,-10.28
2604,107.58,83,-24.58
2605,104.1,102,-2.1
2606,103.19,98,-5.19
2607,107.58,102,-5.58
2608,102.87,103,0.13
2609,102.72,100,-2.72
2610,107.24,143,35.76
2611,103.52,117,13.48
2612,102.52,111,8.48
2613,103.44,105,1.56
2614,106.74,97,-9.74
2615,106.92,92,-14.92
2616,102.29,92,-10.29
2617,103.27,100,-3.27
2618,106.56,115,8.44
2619,106.66,94,-12.66
2620,102.08,100,-2.08
2621,106.39,95,-11.39
2622,106.5,92,-14.5
2623,102.93,114,11.07
2624,101.75,98,-3.75
2625,106.1,104,-2.1
2626,106.19,105,-1.19
2627,102.81,104,1.19
2628,102.66,86,-16.66
2629,101.36,96,-5.36
2630,105.73,102,-3.73
2631,105.74,116,10.26
2632,102.43,98,-4.43
2633,101.08,90,-11.08
2634,105.45,96,-9.45
2635,105.38,85,-20.38
2636,102.29,102,-0.29
2637,100.86,98,-2.86
2638,105.24,107,1.76
2639,105.2,100,-5.2
2640,102.15,96,-6.15
2641,100.63,113,12.37
2642,105.07,112,6.93
2643,105.05,104,-1.05
2644,102.1,109,6.9
2645,104.92,111,6.08
2646,102.01,109,6.99
2647,100.32,103,2.68
2648,104.78,112,7.22
2649,104.77,123,18.23
2650,101.94,117,15.06
2651,104.73,118,13.27
2652,100.18,99,-1.18
2653,104.63,88,-16.63
2654,104.58,102,-2.58
2655,100.02,83,-17.02
2656,104.51,109,4.49
2657,104.48,94,-10.48
2658,101.79,93,-8.79
2659,99.93,90,-9.93
2660,104.44,98,-6.44
2661,101.77,103,1.23
2662,99.86,93,-6.86
2663,104.37,98,-6.37
2664,104.32,111,6.68
2665,99.77,93,-6.77
2666,104.27,90,-14.27
2667,104.19,87,-17.19
2668,101.65,131,29.35
2669,99.66,138,38.34
2670,101.64,143,41.36
2671,104.19,99,-5.19
2672,99.59,99,-0.59
2673,101.6,94,-7.6
2674,101.59,119,17.41
2675,99.54,119,19.46
2676,104.1,126,21.9
2677,104.09,151,46.91
2678,99.5,148,48.5
2679,101.52,124,22.48
2680,104.03,134,29.97
2681,101.5,107,5.5
2682,99.38,93,-6.38
2683,101.45,104,2.55
2684,103.71,150,46.29
2685,103.86,137,33.14
2686,99.22,127,27.78
2687,103.65,140,36.35
2688,103.83,143,39.17
2689,103.62,135,31.38
2690,101.33,122,20.67
2691,99.17,115,15.83
2692,103.59,111,7.41
2693,103.79,132,28.21
2694,99.12,121,21.88
2695,103.53,172,68.47
2696,103.76,142,38.24
2697,101.27,179,77.73
2698,99.1,171,71.9
2699,101.26,180,78.74
2700,103.47,171,67.53
2701,103.71,95,-8.71
2702,103.41,122,18.59
2703,99.03,85,-14.03
2704,103.37,85,-18.37
2705,101.19,99,-2.19
2706,103.65,118,14.35
2707,98.98,105,6.02
2708,103.62,105,1.38
2709,101.16,93,-8.16
2710,103.21,114,10.79
2711,103.59,117,13.41
2712,98.97,121,22.03
2713,101.15,128,26.85
2714,103.59,133,29.41
2715,103.18,106,2.82
2716,98.98,122,23.02
2717,101.15,109,7.85
2718,103.6,106,2.4
2719,103.17,82,-21.17
2720,99.0,107,8.0
2721,101.16,113,11.84
2722,103.61,136,32.39
2723,99.02,121,21.98
2724,101.17,97,-4.17
2725,103.16,80,-23.16
2726,99.06,89,-10.06
2727,101.18,89,-12.18
2728,103.63,112,8.37
2729,101.21,110,8.79
2730,103.17,97,-6.17
2731,103.68,102,-1.68
2732,99.17,109,9.83
2733,101.23,79,-22.23
2734,103.71,142,38.29
2735,103.2,117,13.8
2736,99.25,146,46.75
2737,99.27,116,16.73
2738,103.74,88,-15.74
2739,99.33,96,-3.33
2740,103.24,115,11.76
2741,99.36,100,0.64
2742,103.78,80,-23.78
2743,101.3,104,2.7
2744,99.44,104,4.56
2745,103.27,98,-5.27
2746,103.8,87,-16.8
2747,99.5,98,-1.5
2748,101.29,90,-11.29
2749,103.82,96,-7.82
2750,103.29,88,-15.29
2751,101.28,103,1.72
2752,99.6,98,-1.6
2753,103.83,102,-1.83
2754,103.3,92,-11.3
2755,103.83,162,58.17
2756,99.67,144,44.33
2757,101.23,143,41.77
2758,103.83,98,-5.83
2759,99.72,99,-0.72
2760,101.18,93,-8.18
2761,103.3,99,-4.3
2762,103.81,109,5.19
2763,103.29,83,-20.29
2764,99.8,106,6.2
2765,101.05,102,0.95
2766,103.77,125,21.23
2767,99.84,97,-2.84
2768,103.27,109,5.73
2769,100.92,156,55.08
2770,100.91,180,79.09
2771,100.88,85,-15.88
2772,99.87,103,3.13
2773,103.24,96,-7.24
2774,100.81,91,-9.81
2775,99.88,85,-14.88
2776,103.67,98,-5.67
2777,103.21,90,-13.21
2778,103.21,110,6.79
2779,99.91,95,-4.91
2780,103.63,116,12.37
2781,99.91,168,68.09
2782,103.17,152,48.83
2783,100.58,129,28.42
2784,103.61,127,23.39
2785,100.55,118,17.45
2786,103.58,99,-4.58
2787,100.48,92,-8.48
2788,99.93,101,1.07
2789,99.93,116,16.07
2790,99.93,90,-9.93
2791,103.11,86,-17.11
2792,99.93,76,-23.93
2793,103.51,91,-12.51
2794,103.07,103,-0.07
2795,100.24,98,-2.24
2796,103.05,111,7.95
2797,103.44,103,-0.44
2798,99.93,103,3.07
2799,100.02,80,-20.02
2800,103.37,93,-10.37
2801,99.92,108,8.08
2802,99.93,104,4.07
2803,103.34,111,7.66
2804,99.91,104,4.09
2805,102.89,166,63.11
2806,102.86,125,22.14
2807,102.82,169,66.18
2808,99.71,135,35.29
2809,103.23,171,67.77
2810,102.76,93,-9.76
2811,99.85,95,-4.85
2812,103.2,100,-3.2
2813,99.57,121,21.43
2814,102.72,102,-0.72
2815,99.53,103,3.47
2816,99.83,90,-9.83
2817,103.16,94,-9.16
2818,99.44,104,4.56
2819,99.78,120,20.22
2820,102.6,101,-1.6
2821,103.1,103,-0.1
2822,99.33,94,-5.33
2823,99.75,102,2.25
2824,99.7,107,7.3
2825,103.04,115,11.96
2826,102.47,94,-8.47
2827,103.02,120,16.98
2828,99.14,127,27.86
2829,99.66,122,22.34
2830,103.0,91,-12.0
2831,102.37,101,-1.37
2832,99.6,84,-15.6
2833,99.0,103,4.0
2834,102.94,111,8.06
2835,102.25,101,-1.25
2836,98.91,100,1.09
2837,102.9,130,27.1
2838,99.42,118,18.58
2839,102.88,99,-3.88
2840,98.78,104,5.22
2841,102.12,101,-1.12
2842,99.37,93,-6.37
2843,99.31,85,-14.31
2844,98.69,98,-0.69
2845,102.83,93,-9.83
2846,102.02,102,-0.02
2847,99.24,95,-4.24
2848,98.58,95,-3.58
2849,102.78,118,15.22
2850,99.13,117,17.87
2851,101.88,118,16.12
2852,102.77,116,13.23
2853,98.49,95,-3.49
2854,99.04,99,-0.04
2855,101.8,99,-2.8
2856,101.79,158,56.21
2857,98.44,86,-12.44
2858,102.72,100,-2.72
2859,101.72,101,-0.72
2860,102.71,83,-19.71
2861,98.86,96,-2.86
2862,98.36,97,-1.36
2863,101.62,98,-3.62
2864,102.67,107,4.33
2865,98.24,90,-8.24
2866,101.5,103,1.5
2867,98.59,92,-6.59
2868,102.63,91,-11.63
2869,98.19,86,-12.19
2870,101.44,106,4.56
2871,98.49,90,-8.49
2872,102.61,100,-2.61
2873,98.12,91,-7.12
2874,101.35,98,-3.35
2875,98.39,116,17.61
2876,102.59,100,-2.59
2877,101.3,89,-12.3
2878,98.05,95,-3.05
2879,102.56,114,11.44
2880,98.15,99,0.85
2881,101.16,192,90.84
2882,97.97,227,129.03
2883,102.54,213,110.46
2884,101.12,213,111.88
2885,98.06,195,96.94
2886,97.94,190,92.06
2887,102.52,112,9.48
2888,101.03,112,10.97
2889,97.94,115,17.06
2890,97.86,98,0.14
2891,100.93,94,-6.93
2892,102.49,91,-11.49
2893,97.76,129,31.24
2894,97.8,157,59.2
2895,100.86,162,61.14
2896,102.47,121,18.53
2897,97.61,120,22.39
2898,97.73,114,16.27
2899,100.74,114,13.26
2900,102.46,105,2.54
2901,97.69,88,-9.69
2902,100.64,123,22.36
2903,97.43,126,28.57
2904,102.44,132,29.56
2905,97.63,94,-3.63
2906,100.56,101,0.44
2907,102.43,111,8.57
2908,97.3,82,-15.3
2909,100.48,97,-3.48
2910,102.42,93,-9.42
2911,97.21,100,2.79
2912,97.53,99,1.47
2913,100.33,92,-8.33
2914,97.08,100,2.92
2915,102.39,114,11.61
2916,97.45,125,27.55
2917,100.24,93,-7.24
2918,96.94,85,-11.94
2919,102.37,128,25.63
2920,100.17,137,36.83
2921,97.38,130,32.62
2922,102.36,94,-8.36
2923,100.09,83,-17.09
2924,96.8,84,-12.8
2925,97.31,99,1.69
2926,102.34,108,5.66
2927,99.95,112,12.05
2928,96.67,103,6.33
2929,97.24,113,15.76
2930,102.33,106,3.67
2931,96.63,105,8.37
2932,99.88,101,1.12
2933,97.17,81,-16.17
2934,102.31,101,-1.31
2935,96.51,84,-12.51
2936,99.78,100,0.22
2937,96.46,84,-12.46
2938,97.1,88,-9.1
2939,102.29,85,-17.29
2940,99.67,114,14.33
2941,96.36,114,17.64
2942,102.28,98,-4.28
2943,97.0,107,10.0
2944,99.58,102,2.42
2945,102.24,125,22.76
2946,96.14,115,18.86
2947,96.89,113,16.11
2948,99.43,108,8.57
2949,96.09,91,-5.09
2950,96.83,96,-0.83
2951,102.2,114,11.8
2952,99.32,119,19.68
2953,95.97,103,7.03
2954,102.19,102,-0.19
2955,99.28,104,4.72
2956,99.03,87,-12.03
2957,96.07,104,7.93
2958,108.92,109,0.08
2959,100.53,97,-3.53
2960,99.23,93,-6.23
2961,96.35,138,41.65
2962,108.97,146,37.03
2963,100.71,99,-1.71
2964,99.49,84,-15.49
2965,96.48,110,13.52
2966,109.0,100,-9.0
2967,100.8,104,3.2
2968,96.62,85,-11.62
2969,109.02,110,0.98
2970,99.72,102,2.28
2971,101.03,120,18.97
2972,97.02,86,-11.02
2973,109.08,93,-16.08
2974,100.09,88,-12.09
2975,97.12,87,-10.12
2976,109.1,102,-7.1
2977,101.19,105,3.81
2978,100.25,90,-10.25
2979,109.14,114,4.86
2980,101.31,115,13.69
2981,97.47,107,9.53
2982,100.45,93,-7.45
2983,109.18,100,-9.18
2984,97.73,99,1.27
2985,101.51,97,-4.51
2986,100.84,94,-6.84
2987,109.22,96,-13.22
2988,98.04,83,-15.04
2989,101.79,103,1.21
2990,101.07,97,-4.07
2991,98.43,96,-2.43
2992,101.96,125,23.04
2993,109.29,125,15.71
2994,101.29,128,26.71
2995,98.57,105,6.43
2996,102.07,99,-3.07
2997,101.43,81,-20.43
2998,109.33,112,2.67
2999,109.34,137,27.66
3000,102.28,95,-7.28
3001,99.07,98,-1.07
3002,101.77,78,-23.77
3003,109.39,100,-9.39
3004,99.35,117,17.65
3005,102.6,112,9.4
3006,102.05,92,-10.05
3007,109.41,107,-2.41
3008,99.55,93,-6.55
3009,102.76,84,-18.76
3010,102.28,92,-10.28
3011,109.45,84,-25.45
3012,99.89,96,-3.89
3013,103.0,92,-11.0
3014,102.46,89,-13.46
3015,109.46,121,11.54
3016,100.07,77,-23.07
3017,109.49,81,-28.49
3018,102.68,81,-21.68
3019,103.23,82,-21.23
3020,100.37,97,-3.37
3021,103.49,102,-1.49
3022,103.01,87,-16.01
3023,109.54,80,-29.54
3024,103.1,83,-20.1
3025,103.78,107,3.22
3026,109.58,92,-17.58
3027,100.91,109,8.09
3028,103.33,85,-18.33
3029,103.89,96,-7.89
3030,109.61,85,-24.61
3031,104.09,127,22.91
3032,101.23,127,25.77
3033,103.58,122,18.42
3034,104.16,122,17.84
3035,109.65,98,-11.65
3036,103.67,89,-14.67
3037,101.45,89,-12.45
3038,104.35,93,-11.35
3039,109.69,79,-30.69
3040,103.86,93,-10.86
3041,104.57,101,-3.57
3042,109.73,69,-40.73
3043,104.66,90,-14.66
3044,101.83,85,-16.83
3045,104.04,94,-10.04
3046,104.8,86,-18.8
3047,109.82,98,-11.82
3048,104.18,93,-11.18
3049,105.03,97,-8.03
3050,109.89,113,3.11
3051,105.35,124,18.65
3052,102.46,92,-10.46
3053,104.4,97,-7.4
3054,109.96,79,-30.96
3055,105.58,95,-10.58
3056,102.59,99,-3.59
3057,110.01,84,-26.01
3058,104.5,83,-21.5
3059,105.77,86,-19.77
3060,110.07,90,-20.07
3061,102.76,80,-22.76
3062,105.99,86,-19.99
3063,102.86,92,-10.86
3064,106.1,83,-23.1
3065,110.18,99,-11.18
3066,104.65,82,-22.65
3067,103.02,77,-26.02
3068,60.54,46,-14.54
3069,55.57,48,-7.57
3070,60.48,66,5.52
3071,55.49,78,22.51
3072,60.38,63,2.62
3073,64.41,45,-19.41
3074,60.23,64,3.77
3075,55.35,63,7.65
3076,60.18,75,14.82
3077,62.36,53,-9.36
3078,55.23,51,-4.23
3079,64.19,54,-10.19
3080,60.04,55,-5.04
3081,62.23,67,4.77
3082,55.1,77,21.9
3083,59.83,66,6.17
3084,55.0,72,17.0
3085,63.95,50,-13.95
3086,54.86,72,17.14
3087,59.64,71,11.36
3088,61.78,72,10.22
3089,59.37,47,-12.37
3090,59.26,130,70.74
3091,61.52,90,28.48
3092,54.4,90,35.6
3093,59.08,84,24.92
3094,54.35,101,46.65
3095,63.23,77,13.77
3096,61.3,85,23.7
3097,58.89,48,-10.89
3098,54.22,108,53.78
3099,63.06,88,24.94
3100,61.11,48,-13.11
3101,58.71,47,-11.71
3102,62.92,86,23.08
3103,60.98,75,14.02
3104,53.94,100,46.06
3105,58.43,53,-5.43
3106,62.64,52,-10.64
3107,60.74,58,-2.74
3108,53.84,78,24.16
3109,53.73,52,-1.73
3110,58.08,62,3.92
3111,62.28,60,-2.28
3112,60.39,54,-6.39
3113,53.55,48,-5.55
3114,57.84,47,-10.84
3115,60.18,51,-9.18
3116,61.95,44,-17.95
3117,53.45,73,19.55
3118,57.65,65,7.35
3119,60.01,78,17.99
3120,61.76,69,7.24
3121,53.35,58,4.65
3122,57.45,97,39.55
3123,59.89,76,16.11
3124,61.61,54,-7.61
3125,53.32,68,14.68
3126,59.77,55,-4.77
3127,53.27,52,-1.27
3128,57.17,72,14.83
3129,59.67,75,15.33
3130,61.31,106,44.69
3131,53.23,126,72.77
3132,59.63,98,38.37
3133,57.05,72,14.95
3134,61.19,74,12.81
3135,59.52,54,-5.52
3136,56.91,46,-10.91
3137,59.46,89,29.54
3138,61.01,64,2.99
3139,53.16,69,15.84
3140,56.83,57,0.17
3141,59.42,68,8.58
3142,53.14,68,14.86
3143,56.77,52,-4.77
3144,59.36,85,25.64
3145,60.84,57,-3.84
3146,56.69,56,-0.69
3147,59.29,53,-6.29
3148,60.7,59,-1.7
3149,53.09,160,106.91
3150,56.59,110,53.41
3151,53.09,129,75.91
3152,59.21,153,93.79
3153,56.54,107,50.46
3154,53.07,126,72.93
3155,53.06,151,97.94
3156,56.49,98,41.51
3157,60.51,78,17.49
3158,59.12,79,19.88
3159,56.45,71,14.55
3160,53.03,86,32.97
3161,59.06,72,12.94
3162,53.02,83,29.98
3163,56.36,48,-8.36
3164,52.99,62,9.01
3165,60.17,120,59.83
3166,58.89,51,-7.89
3167,56.22,60,3.78
3168,60.09,77,16.91
3169,58.86,81,22.14
3170,60.07,143,82.93
3171,52.93,127,74.07
3172,56.17,114,57.83
3173,60.04,130,69.96
3174,58.82,87,28.18
3175,59.97,225,165.03
3176,58.77,140,81.23
3177,52.9,104,51.1
3178,56.1,100,43.9
3179,52.9,98,45.1
3180,59.9,118,58.1
3181,58.73,76,17.27
3182,59.84,62,2.16
3183,56.05,41,-15.05
3184,59.8,45,-14.8
3185,52.88,68,15.12
3186,58.64,88,29.36
3187,56.01,69,12.99
3188,58.6,72,13.4
3189,52.89,67,14.11
3190,59.61,95,35.39
3191,58.54,75,16.46
3192,56.0,62,6.0
3193,52.93,89,36.07
3194,58.53,89,30.47
3195,59.57,84,24.43
3196,56.01,82,25.99
3197,52.96,101,48.04
3198,58.51,77,18.49
3199,59.55,61,1.45
3200,56.03,73,16.97
3201,53.0,93,40.0
3202,58.51,85,26.49
3203,56.06,87,30.94
3204,53.05,59,5.95
3205,59.54,91,31.46
3206,56.09,77,20.91
3207,53.07,49,-4.07
3208,58.51,72,13.49
3209,53.15,78,24.85
3210,59.55,91,31.45
3211,58.53,55,-3.53
3212,56.21,54,-2.21
3213,53.21,50,-3.21
3214,58.55,101,42.45
3215,59.58,122,62.42
3216,56.3,109,52.7
3217,56.31,82,25.69
3218,58.56,63,4.44
3219,56.37,52,-4.37
3220,59.62,63,3.38
3221,56.41,77,20.59
3222,58.58,49,-9.58
3223,53.48,51,-2.48
3224,56.49,77,20.51
3225,59.65,64,4.35
3226,58.59,59,0.41
3227,56.56,70,13.44
3228,53.57,84,30.43
3229,58.59,63,4.41
3230,59.69,48,-11.69
3231,53.63,70,16.37
3232,56.66,84,27.34
3233,58.58,60,1.42
3234,59.71,53,-6.71
3235,58.57,133,74.43
3236,56.75,89,32.25
3237,53.71,140,86.29
3238,58.56,63,4.44
3239,56.8,56,-0.8
3240,53.73,61,7.27
3241,58.52,99,40.48
3242,59.72,41,-18.72
3243,56.89,81,24.11
3244,53.76,74,20.24
3245,58.44,77,18.56
3246,56.93,78,21.07
3247,59.7,72,12.3
3248,53.75,141,87.25
3249,53.75,120,66.25
3250,53.75,102,48.25
3251,56.97,66,9.03
3252,59.68,94,34.32
3253,53.73,48,-5.73
3254,56.98,48,-8.98
3255,58.31,59,0.69
3256,59.65,90,30.35
3257,57.01,59,1.99
3258,58.26,75,16.74
3259,57.02,108,50.98
3260,59.62,114,54.38
3261,53.65,89,35.35
3262,58.22,80,21.78
3263,53.63,67,13.37
3264,58.19,64,5.81
3265,53.6,54,0.4
3266,57.03,71,13.97
3267,57.03,84,26.97
3268,57.03,56,-1.03
3269,59.56,49,-10.56
3270,57.04,47,-10.04
3271,58.11,51,-7.11
3272,59.51,63,3.49
3273,53.47,64,10.53
3274,59.48,61,1.52
3275,58.02,93,34.98
3276,57.05,54,-3.05
3277,53.33,48,-5.33
3278,57.93,48,-9.93
3279,57.04,64,6.96
3280,53.26,51,-2.26
3281,57.89,55,-2.89
3282,57.04,75,17.96
3283,59.32,105,45.68
3284,59.3,96,36.7
3285,57.82,116,58.18
3286,59.27,149,89.73
3287,53.08,102,48.92
3288,57.75,104,46.25
3289,59.21,48,-11.21
3290,57.0,62,5.0
3291,57.72,62,4.28
3292,52.96,63,10.04
3293,59.18,63,3.82
3294,52.94,56,3.06
3295,56.99,51,-5.99
3296,57.67,55,-2.67
3297,52.85,54,1.15
3298,56.96,105,48.04
3299,59.07,77,17.93
3300,57.6,82,24.4
3301,52.76,66,13.24
3302,56.93,61,4.07
3303,56.9,70,13.1
3304,57.52,156,98.48
3305,58.96,158,99.04
3306,57.5,63,5.5
3307,52.55,68,15.45
3308,56.87,52,-4.87
3309,57.46,51,-6.46
3310,58.88,62,3.12
3311,56.83,49,-7.83
3312,52.41,126,73.59
3313,57.39,74,16.61
3314,58.78,56,-2.78
3315,52.3,66,13.7
3316,57.34,72,14.66
3317,56.69,79,22.31
3318,57.32,232,174.68
3319,52.15,202,149.85
3320,58.68,206,147.32
3321,56.65,174,117.35
3322,56.61,42,-14.61
3323,52.04,46,-6.04
3324,57.25,60,2.75
3325,58.6,54,-4.6
3326,56.54,44,-12.54
3327,51.9,84,32.1
3328,57.19,96,38.81
3329,56.44,68,11.56
3330,58.5,70,11.5
3331,57.17,72,14.83
3332,51.77,95,43.23
3333,56.36,46,-10.36
3334,58.45,65,6.55
3335,58.44,116,57.56
3336,51.69,90,38.31
3337,57.1,55,-2.1
3338,58.4,66,7.6
3339,57.09,35,-22.09
3340,56.19,55,-1.19
3341,51.56,61,9.44
3342,58.33,76,17.67
3343,57.03,69,11.97
3344,51.38,46,-5.38
3345,58.25,108,49.75
3346,55.92,46,-9.92
3347,56.98,86,29.02
3348,51.29,71,19.71
3349,58.22,56,-2.22
3350,55.82,49,-6.82
3351,56.95,108,51.05
3352,51.17,49,-2.17
3353,58.16,52,-6.16
3354,55.72,62,6.28
3355,56.92,61,4.08
3356,58.13,45,-13.13
3357,51.05,45,-6.05
3358,56.86,74,17.14
3359,55.49,182,126.51
3360,58.04,89,30.96
3361,50.9,101,50.1
3362,56.83,93,36.17
3363,58.02,67,8.98
3364,55.38,131,75.62
3365,50.85,110,59.15
3366,56.8,59,2.2
3367,57.97,74,16.03
3368,55.27,49,-6.27
3369,50.73,94,43.27
3370,57.92,50,-7.92
3371,56.76,46,-10.76
3372,55.1,145,89.9
3373,50.61,109,58.39
3374,57.87,89,31.13
3375,56.71,92,35.29
3376,54.96,89,34.04
3377,50.51,123,72.49
3378,57.82,122,64.18
3379,56.69,97,40.31
3380,50.46,44,-6.46
3381,57.77,92,34.23
3382,54.79,86,31.21
3383,56.65,140,83.35
3384,50.36,49,-1.36
3385,57.72,56,-1.72
3386,56.63,60,3.37
3387,54.68,46,-8.68
3388,57.68,47,-10.68
3389,56.61,51,-5.61
3390,54.6,89,34.4
3391,50.21,71,20.79
3392,57.6,48,-9.6
3393,54.48,58,3.52
3394,56.55,66,9.45
3395,50.08,123,72.92
3396,57.55,109,51.45
3397,54.36,41,-13.36
3398,56.51,62,5.49
3399,57.5,64,6.5
3400,49.99,55,5.01
3401,56.5,45,-11.5
3402,57.45,45,-12.45
3403,54.24,79,24.76
3404,49.91,74,24.09
3405,56.45,67,10.55
3406,57.36,172,114.64
3407,54.12,145,90.88
3408,49.81,165,115.19
3409,56.43,170,113.57
3410,54.09,149,94.91
3411,57.32,142,84.68
3412,49.74,50,0.26
3413,56.39,75,18.61
3414,53.99,64,10.01
3415,57.24,83,25.76
3416,53.95,40,-13.95
3417,49.65,50,0.35
3418,56.36,40,-16.36
3419,57.16,91,33.84
3420,53.86,96,42.14
3421,56.33,62,5.67
3422,49.53,92,42.47
3423,57.1,69,11.9
3424,56.27,60,3.73
3425,53.67,71,17.33
3426,49.41,99,49.59
3427,56.98,83,26.02
3428,53.64,105,51.36
3429,49.34,51,1.66
3430,56.2,90,33.8
3431,56.89,61,4.11
3432,53.53,65,11.47
3433,56.19,80,23.81
3434,56.85,303,246.15
3435,50.56,162,111.44
3436,52.47,58,5.53
3437,59.18,65,5.82
3438,57.07,72,14.93
3439,50.81,46,-4.81
3440,52.83,92,39.17
3441,59.29,65,5.71
3442,57.36,58,0.64
3443,51.13,61,9.87
3444,52.99,80,27.01
3445,59.33,73,13.67
3446,57.51,69,11.49
3447,53.15,60,6.85
3448,59.38,60,0.62
3449,51.4,51,-0.4
3450,57.88,76,18.12
3451,53.67,52,-1.67
3452,59.52,56,-3.52
3453,51.83,47,-4.83
3454,53.79,44,-9.79
3455,59.56,46,-13.56
3456,58.12,73,14.88
3457,52.02,52,-0.02
3458,59.67,74,14.33
3459,58.33,82,23.67
3460,54.25,71,16.75
3461,52.23,68,15.77
3462,59.78,50,-9.78
3463,54.57,59,4.43
3464,58.64,49,-9.64
3465,52.63,47,-5.63
3466,59.91,69,9.09
3467,54.95,101,46.05
3468,59.08,62,2.92
3469,52.83,69,16.17
3470,55.42,48,-7.42
3471,59.38,84,24.62
3472,60.14,65,4.86
3473,53.04,92,38.96
3474,55.57,75,19.43
3475,59.53,59,-0.53
3476,53.15,45,-8.15
3477,60.31,75,14.69
3478,60.33,121,60.67
3479,59.85,87,27.15
3480,56.13,60,3.87
3481,53.4,47,-6.4
3482,60.56,56,-4.56
3483,56.41,83,26.59
3484,60.32,83,22.68
3485,53.59,78,24.41
3486,60.67,64,3.33
3487,56.62,66,9.38
3488,60.54,62,1.46
3489,53.74,50,-3.74
3490,60.85,42,-18.85
3491,56.93,57,0.07
3492,60.86,73,12.14
3493,53.84,59,5.16
3494,60.93,71,10.07
3495,57.09,45,-12.09
3496,61.04,40,-21.04
3497,53.96,43,-10.96
3498,61.15,46,-15.15
3499,57.35,77,19.65
3500,61.46,64,2.54
3501,54.13,45,-9.13
3502,61.3,46,-15.3
3503,54.17,47,-7.17
3504,61.75,69,7.25
3505,61.47,55,-6.47
3506,57.78,95,37.22
3507,54.28,56,1.72
3508,61.85,56,-5.85
3509,61.58,46,-15.58
3510,62.03,139,76.97
3511,58.03,102,43.97
3512,54.39,78,23.61
3513,62.1,64,1.9
3514,61.71,60,-1.71
3515,54.42,67,12.58
3516,58.16,64,5.84
3517,62.24,45,-17.24
3518,61.81,44,-17.81
3519,54.5,49,-5.5
3520,62.4,59,-3.4
3521,61.91,41,-20.91
3522,62.46,50,-12.46
3523,58.43,44,-14.43
3524,54.58,49,-5.58
3525,62.56,46,-16.56
3526,62.07,61,-1.07
3527,54.63,58,3.37
3528,62.71,45,-17.71
3529,62.18,78,15.82
3530,62.91,75,12.09
3531,58.86,50,-8.86
3532,54.71,54,-0.71
3533,62.26,44,-18.26
3534,63.03,51,-12.03
3535,58.96,72,13.04
3536,62.32,48,-14.32
3537,54.74,45,-9.74
3538,63.14,52,-11.14
3539,62.37,42,-20.37
3540,59.09,50,-9.09
3541,63.26,46,-17.26
3542,59.17,56,-3.17
3543,63.32,47,-16.32
3544,62.48,51,-11.48
3545,54.8,45,-9.8
3546,59.3,61,1.7
3547,103.55,95,-8.55
3548,103.43,99,-4.43
3549,103.28,90,-13.28
3550,104.4,81,-23.4
3551,103.08,130,26.92
3552,103.01,91,-12.01
3553,102.61,111,8.39
3554,104.14,106,1.86
3555,102.86,116,13.14
3556,102.49,100,-2.49
3557,102.61,94,-8.61
3558,103.88,95,-8.88
3559,102.4,100,-2.4
3560,102.01,96,-6.01
3561,102.11,93,-9.11
3562,103.31,99,-4.31
3563,101.72,111,9.28
3564,101.77,88,-13.77
3565,103.07,95,-8.07
3566,101.49,102,0.51
3567,101.59,86,-15.59
3568,102.89,102,-0.89
3569,101.29,71,-30.29
3570,101.39,83,-18.39
3571,102.74,88,-14.74
3572,101.14,94,-7.14
3573,101.08,86,-15.08
3574,102.44,89,-13.44
3575,100.88,87,-13.88
3576,100.7,92,-8.7
3577,102.04,99,-3.04
3578,100.46,97,-3.46
3579,100.45,110,9.55
3580,100.2,93,-7.2
3581,101.69,97,-4.69
3582,100.24,100,-0.24
3583,100.0,101,1.0
3584,101.48,91,-10.48
3585,100.03,135,34.97
3586,99.85,150,50.15
3587,101.31,93,-8.31
3588,99.71,99,-0.71
3589,99.76,91,-8.76
3590,99.57,81,-18.57
3591,101.02,98,-3.02
3592,99.53,94,-5.53
3593,99.63,94,-5.63
3594,100.91,93,-7.91
3595,99.42,93,-6.42
3596,99.53,87,-12.53
3597,99.35,96,-3.35
3598,100.77,108,7.23
3599,99.45,118,18.55
3600,99.29,101,1.71
3601,99.41,85,-14.41
3602,99.24,86,-13.24
3603,100.63,103,2.37
3604,99.34,90,-9.34
3605,99.16,86,-13.16
3606,100.52,90,-10.52
3607,99.24,104,4.76
3608,99.08,89,-10.08
3609,99.21,107,7.79
3610,99.17,81,-18.17
3611,100.37,92,-8.37
3612,98.99,132,33.01
3613,99.14,118,18.86
3614,98.94,98,-0.94
3615,99.07,92,-7.07
3616,100.11,135,34.89
3617,98.78,115,16.22
3618,98.96,115,16.04
3619,100.06,108,7.94
3620,98.74,153,54.26
3621,100.04,155,54.96
3622,98.92,103,4.08
3623,100.02,99,-1.02
3624,98.7,101,2.3
3625,99.96,142,42.04
3626,98.65,131,32.35
3627,98.86,101,2.14
3628,99.92,105,5.08
3629,98.62,108,9.38
3630,99.88,100,0.12
3631,98.82,80,-18.82
3632,99.86,97,-2.86
3633,98.53,114,15.47
3634,98.79,88,-10.79
3635,98.49,94,-4.49
3636,99.72,104,4.28
3637,98.42,99,0.58
3638,98.79,114,15.21
3639,98.41,137,38.59
3640,99.7,119,19.3
3641,98.81,104,5.19
3642,98.39,124,25.61
3643,99.7,111,11.3
3644,98.83,111,12.17
3645,98.38,127,28.62
3646,98.86,120,21.14
3647,99.71,76,-23.71
3648,98.88,100,1.12
3649,98.38,77,-21.38
3650,99.75,98,-1.75
3651,98.4,98,-0.4
3652,99.01,101,1.99
3653,98.43,109,10.57
3654,99.82,112,12.18
3655,99.11,143,43.89
3656,99.12,113,13.88
3657,98.44,96,-2.44
3658,99.18,90,-9.18
3659,99.88,100,0.12
3660,99.22,100,0.78
3661,98.47,80,-18.47
3662,99.31,100,0.69
3663,99.95,110,10.05
3664,98.5,76,-22.5
3665,99.38,104,4.62
3666,98.51,104,5.49
3667,100.03,89,-11.03
3668,99.5,116,16.5
3669,98.52,101,2.48
3670,100.09,86,-14.09
3671,98.52,166,67.48
3672,99.62,123,23.38
3673,98.52,86,-12.52
3674,99.66,89,-10.66
3675,98.5,115,16.5
3676,100.15,85,-15.15
3677,99.77,92,-7.77
3678,98.46,122,23.54
3679,99.82,103,3.18
3680,100.17,111,10.83
3681,99.86,106,6.14
3682,100.16,94,-6.16
3683,99.88,77,-22.88
3684,98.38,107,8.62
3685,100.15,126,25.85
3686,98.34,114,15.66
3687,99.93,112,12.07
3688,100.13,110,9.87
3689,98.33,153,54.67
3690,98.31,88,-10.31
3691,99.96,99,-0.96
3692,99.96,114,14.04
3693,99.96,92,-7.96
3694,100.1,93,-7.1
3695,99.97,81,-18.97
3696,98.25,81,-17.25
3697,100.07,109,8.93
3698,100.04,96,-4.04
3699,98.19,101,2.81
3700,99.99,91,-8.99
3701,98.14,103,4.86
3702,100.0,99,-1.0
3703,98.11,93,-5.11
3704,100.0,94,-6.0
3705,99.93,141,41.07
3706,99.91,116,16.09
3707,98.06,135,36.94
3708,99.89,177,77.11
3709,99.85,86,-13.85
3710,99.99,89,-10.99
3711,98.0,94,-4.0
3712,99.83,84,-15.83
3713,99.99,95,-4.99
3714,97.97,97,-0.97
3715,99.97,115,15.03
3716,99.75,126,26.25
3717,97.92,128,30.08
3718,99.96,92,-7.96
3719,99.94,105,5.06
3720,97.86,106,8.14
3721,99.67,106,6.33
3722,97.86,97,-0.86
3723,99.92,89,-10.92
3724,97.84,93,-4.84
3725,99.62,82,-17.62
3726,99.89,91,-8.89
3727,97.79,98,0.21
3728,99.57,101,1.43
3729,97.76,122,24.24
3730,99.8,100,0.2
3731,97.74,108,10.26
3732,99.5,83,-16.5
3733,99.77,72,-27.77
3734,99.77,90,-9.77
3735,97.71,96,-1.71
3736,99.46,100,0.54
3737,99.72,84,-15.72
3738,97.68,99,1.32
3739,99.66,115,15.34
3740,99.41,114,14.59
3741,97.67,116,18.33
3742,99.61,84,-15.61
3743,99.38,96,-3.38
3744,99.37,142,42.63
3745,97.63,102,4.37
3746,99.35,115,15.65
3747,97.62,84,-13.62
3748,99.49,92,-7.49
3749,99.32,98,-1.32
3750,97.6,104,6.4
3751,99.28,89,-10.28
3752,99.3,89,-10.3
3753,97.57,128,30.43
3754,99.27,92,-7.27
3755,99.23,95,-4.23
3756,97.56,125,27.44
3757,99.24,101,1.76
3758,99.16,114,14.84
3759,97.54,112,14.46
3760,99.23,81,-18.23
3761,97.51,95,-2.51
3762,98.94,83,-15.94
3763,99.19,111,11.81
3764,97.5,134,36.5
3765,99.18,119,19.82
3766,98.88,110,11.12
3767,97.49,104,6.51
3768,99.16,100,0.84
3769,98.8,87,-11.8
3770,99.15,98,-1.15
3771,97.47,90,-7.47
3772,98.64,128,29.36
3773,99.13,105,5.87
3774,97.45,94,-3.45
3775,98.53,100,1.47
3776,99.11,103,3.89
3777,97.45,108,10.55
3778,99.09,117,17.91
3779,98.39,98,-0.39
3780,97.43,101,3.57
3781,99.08,90,-9.08
3782,97.42,94,-3.42
3783,98.3,89,-9.3
3784,99.07,97,-2.07
3785,97.41,88,-9.41
3786,98.23,95,-3.23
3787,99.04,92,-7.04
3788,98.13,79,-19.13
3789,97.39,92,-5.39
3790,99.02,102,2.98
3791,98.04,76,-22.04
3792,97.38,88,-9.38
3793,99.01,97,-2.01
3794,97.37,81,-16.37
3795,99.0,81,-18.0
3796,97.93,89,-8.93
3797,97.35,92,-5.35
3798,98.96,100,1.04
3799,97.82,97,-0.82
3800,97.34,89,-8.34
3801,97.79,87,-10.79
3802,98.95,90,-8.95
3803,97.33,102,4.67
3804,97.73,98,0.27
3805,98.92,102,3.08
3806,97.7,84,-13.7
3807,97.32,77,-20.32
3808,98.89,92,-6.89
3809,97.62,101,3.38
3810,97.31,88,-9.31
3811,98.86,96,-2.86
3812,97.28,111,13.72
3813,97.45,108,10.55
3814,98.8,85,-13.8
3815,97.42,87,-10.42
3816,97.25,100,2.75
3817,98.76,104,5.24
3818,98.06,103,4.94
3819,100.24,90,-10.24
3820,99.28,103,3.72
3821,98.36,98,-0.36
3822,100.35,98,-2.35
3823,99.44,85,-14.44
3824,98.71,130,31.29
3825,100.56,155,54.44
3826,99.76,136,36.24
3827,98.84,112,13.16
3828,100.63,105,4.37
3829,99.92,90,-9.92
3830,98.97,107,8.03
3831,100.72,88,-12.72
3832,100.29,104,3.71
3833,99.39,104,4.61
3834,100.96,125,24.04
3835,99.48,83,-16.48
3836,101.01,86,-15.01
3837,100.5,89,-11.5
3838,101.17,109,7.83
3839,100.67,126,25.33
3840,99.83,117,17.17
3841,101.31,93,-8.31
3842,100.06,94,-6.06
3843,100.91,85,-15.91
3844,101.46,103,1.54
3845,100.34,100,-0.34
3846,101.23,100,-1.23
3847,100.64,86,-14.64
3848,101.44,101,-0.44
3849,101.67,107,5.33
3850,100.76,102,1.24
3851,101.52,94,-7.52
3852,101.81,109,7.19
3853,101.82,133,31.18
3854,101.73,112,10.27
3855,101.12,92,-9.12
3856,101.97,88,-13.97
3857,101.32,100,-1.32
3858,102.01,108,5.99
3859,102.03,96,-6.03
3860,101.45,100,-1.45
3861,102.13,89,-13.13
3862,102.13,101,-1.13
3863,101.67,100,-1.67
3864,102.32,102,-0.32
3865,102.17,96,-6.17
3866,101.77,87,-14.77
3867,102.22,79,-23.22
3868,102.47,94,-8.47
3869,101.96,85,-16.96
3870,102.65,97,-5.65
3871,102.34,121,18.66
3872,102.82,93,-9.82
3873,102.42,93,-9.42
3874,102.27,108,5.73
3875,102.88,98,-4.88
3876,102.48,84,-18.48
3877,103.0,110,7.0
3878,102.45,120,17.55
3879,103.03,90,-13.03
3880,102.54,82,-20.54
3881,102.53,91,-11.53
3882,103.1,86,-17.1
3883,102.58,86,-16.58
3884,103.2,94,-9.2
3885,102.64,66,-36.64
3886,103.24,81,-22.24
3887,102.71,82,-20.71
3888,103.3,95,-8.3
3889,102.72,90,-12.72
3890,103.39,91,-12.39
3891,102.79,91,-11.79
3892,103.52,102,-1.52
3893,103.01,95,-8.01
3894,102.83,99,-3.83
3895,103.59,101,-2.59
3896,103.08,99,-4.08
3897,102.86,88,-14.86
3898,103.66,78,-25.66
3899,102.9,84,-18.9
3900,103.16,95,-8.16
3901,103.73,88,-15.73
3902,103.2,83,-20.2
3903,103.77,77,-26.77
3904,102.96,80,-22.96
3905,103.28,84,-19.28
3906,103.24,109,5.76
3907,103.1,113,9.9
3908,102.59,117,14.41
3909,102.27,96,-6.27
3910,102.02,79,-23.02
3911,101.82,72,-29.82
3912,101.65,102,0.35
3913,101.36,94,-7.36
3914,100.89,125,24.11
3915,100.59,99,-1.59
3916,100.36,115,14.64
3917,100.16,126,25.84
3918,100.02,110,9.98
3919,99.87,99,-0.87
3920,99.81,109,9.19
3921,99.68,106,6.32
3922,99.6,119,19.4
3923,99.54,101,1.46
3924,99.47,108,8.53
3925,99.39,93,-6.39
3926,99.3,94,-5.3
3927,99.21,113,13.79
3928,99.16,112,12.84
3929,99.0,114,15.0
3930,98.97,114,15.03
3931,98.94,122,23.06
3932,98.89,146,47.11
3933,98.86,110,11.14
3934,98.79,127,28.21
3935,98.75,108,9.25
3936,98.69,133,34.31
3937,98.68,108,9.32
3938,98.67,97,-1.67
3939,98.66,125,26.34
3940,98.67,78,-20.67
3941,98.7,103,4.3
3942,98.74,138,39.26
3943,98.75,139,40.25
3944,98.8,93,-5.8
3945,98.85,94,-4.85
3946,98.89,96,-2.89
3947,98.93,110,11.07
3948,98.95,164,65.05
3949,98.96,117,18.04
3950,98.97,96,-2.97
3951,98.98,112,13.02
3952,98.95,94,-4.95
3953,98.93,128,29.07
3954,98.92,113,14.08
3955,98.91,87,-11.91
3956,98.89,90,-8.89
3957,98.85,115,16.15
3958,98.81,104,5.19
3959,98.79,155,56.21
3960,98.76,104,5.24
3961,98.72,106,7.28
3962,98.7,87,-11.7
3963,98.67,120,21.33
3964,98.63,104,5.37
3965,98.63,107,8.37
3966,98.61,104,5.39
3967,98.58,113,14.42
3968,98.57,99,0.43
3969,98.55,113,14.45
3970,98.54,106,7.46
3971,98.52,99,0.48
3972,98.52,123,24.48
3973,98.5,109,10.5
3974,98.5,97,-1.5
3975,98.49,105,6.51
3976,98.48,100,1.52
3977,98.48,111,12.52
3978,98.48,100,1.52
3979,98.48,123,24.52
3980,98.48,98,-0.48
3981,98.48,107,8.52
3982,98.49,79,-19.49
3983,98.49,112,13.51
3984,98.5,99,0.5
3985,98.51,125,26.49
3986,98.51,103,4.49
3987,98.52,88,-10.52
3988,98.53,97,-1.53
3989,98.54,97,-1.54
3990,98.55,76,-22.55
3991,98.57,107,8.43
3992,98.57,115,16.43
3993,98.58,114,15.42
3994,98.59,72,-26.59
3995,98.61,104,5.39
3996,98.63,113,14.37
3997,102.29,117,14.71
3998,102.35,126,23.65
3999,102.39,105,2.61
4000,102.49,121,18.51
4001,102.51,94,-8.51
4002,102.55,72,-30.55
4003,102.64,101,-1.64
4004,102.66,97,-5.66
4005,102.73,115,12.27
4006,102.79,113,10.21
4007,102.85,97,-5.85
4008,102.94,102,-0.94
4009,103.01,118,14.99
4010,103.02,190,86.98
4011,103.09,109,5.91
4012,103.12,100,-3.12
4013,103.17,109,5.83
4014,103.22,82,-21.22
4015,103.3,70,-33.3
4016,103.35,96,-7.35
4017,103.38,89,-14.38
4018,103.42,97,-6.42
4019,103.45,92,-11.45
4020,103.48,67,-36.48
4021,103.54,97,-6.54
4022,103.58,110,6.42
4023,103.61,75,-28.61
4024,103.63,96,-7.63
4025,103.66,66,-37.66
4026,103.7,100,-3.7
